 budget ,genres,MovieID,original_language,original_title,popularity,release_date, revenue ,runtime,title,vote_average,vote_count
"30,000,000",Animation,862,en,Toy Story,22,30/10/1995,"373,554,033",81,Toy Story,7.7,5415
"65,000,000",Adventure,8844,en,Jumanji,17,15/12/1995,"262,797,249",104,Jumanji,6.9,2413
0,Romance,15602,en,Grumpier Old Men,12,22/12/1995,0,101,Grumpier Old Men,6.5,92
"16,000,000",Comedy,31357,en,Waiting to Exhale,4,22/12/1995,"81,452,156",127,Waiting to Exhale,6.1,34
0,Comedy,11862,en,Father of the Bride Part II,8,10/02/1995,"76,578,911",106,Father of the Bride Part II,5.7,173
"60,000,000",Action,949,en,Heat,18,15/12/1995,"187,436,818",170,Heat,7.7,1886
"58,000,000",Comedy,11860,en,Sabrina,7,15/12/1995,0,127,Sabrina,6.2,141
0,Action,45325,en,Tom and Huck,3,22/12/1995,0,97,Tom and Huck,5.4,45
"35,000,000",Action,9091,en,Sudden Death,5,22/12/1995,"64,350,171",106,Sudden Death,5.5,174
"58,000,000",Adventure,710,en,GoldenEye,15,16/11/1995,"352,194,034",130,GoldenEye,6.6,1194
"62,000,000",Comedy,9087,en,The American President,6,17/11/1995,"107,879,496",106,The American President,6.5,199
0,Comedy,12110,en,Dracula: Dead and Loving It,5,22/12/1995,0,88,Dracula: Dead and Loving It,5.7,210
0,Family,21032,en,Balto,12,22/12/1995,"11,348,324",78,Balto,7.1,423
"44,000,000",History,10858,en,Nixon,5,22/12/1995,"13,681,765",192,Nixon,7.1,72
"98,000,000",Action,1408,en,Cutthroat Island,7,22/12/1995,"10,017,322",119,Cutthroat Island,5.7,137
"52,000,000",Drama,524,en,Casino,10,22/11/1995,"116,112,375",178,Casino,7.8,1343
"16,500,000",Drama,4584,en,Sense and Sensibility,11,13/12/1995,"135,000,000",136,Sense and Sensibility,7.2,364
"4,000,000",Crime,5,en,Four Rooms,9,09/12/1995,"4,300,000",98,Four Rooms,6.5,539
"30,000,000",Crime,9273,en,Ace Ventura: When Nature Calls,8,10/11/1995,"212,385,533",90,Ace Ventura: When Nature Calls,6.1,1128
"60,000,000",Action,11517,en,Money Train,7,21/11/1995,"35,431,113",103,Money Train,5.4,224
"30,250,000",Comedy,8012,en,Get Shorty,13,20/10/1995,"115,101,622",105,Get Shorty,6.4,305
0,Drama,1710,en,Copycat,11,27/10/1995,0,124,Copycat,6.5,199
"50,000,000",Action,9691,en,Assassins,11,06/10/1995,"30,303,072",132,Assassins,6,394
0,Drama,12665,en,Powder,12,27/10/1995,0,111,Powder,6.3,143
"3,600,000",Drama,451,en,Leaving Las Vegas,10,27/10/1995,"49,800,000",112,Leaving Las Vegas,7.1,365
0,Drama,16420,en,Othello,2,15/12/1995,0,123,Othello,7,33
"12,000,000",Comedy,9263,en,Now and Then,9,20/10/1995,"27,400,000",100,Now and Then,6.6,91
0,Drama,17015,en,Persuasion,2,27/09/1995,0,104,Persuasion,7.4,36
"18,000,000",Fantasy,902,fr,La Cité des Enfants Perdus,10,16/05/1995,"1,738,611",108,The City of Lost Children,7.6,308
0,Drama,37557,zh,摇啊摇，摇到外婆桥,1,30/04/1995,0,108,Shanghai Triad,6.5,17
0,Drama,9909,en,Dangerous Minds,9,11/08/1995,"180,000,000",99,Dangerous Minds,6.4,249
"29,500,000",Science Romance,63,en,Twelve Monkeys,12,29/12/1995,"168,840,000",129,Twelve Monkeys,7.4,2470
0,Romance,78802,fr,"Guillaumet, les ailes du courage",1,18/09/1996,0,50,Wings of Courage,6.8,4
"30,000,000",Fantasy,9598,en,Babe,14,18/07/1995,"254,134,910",89,Babe,6,756
0,History ,47018,en,Carrington,1,08/11/1995,0,121,Carrington,6.4,16
"11,000,000",Drama,687,en,Dead Man Walking,7,29/12/1995,"39,363,635",122,Dead Man Walking,7.3,350
0,Adventure,139405,en,Across the Sea of Time,0,20/10/1995,0,51,Across the Sea of Time,3.5,2
0,Comedy,33689,en,It Takes Two,8,17/11/1995,0,101,It Takes Two,6.1,149
"12,000,000",Comedy,9603,en,Clueless,10,19/07/1995,0,97,Clueless,6.9,828
0,Drama,34615,en,"Cry, the Beloved Country",1,15/12/1995,"676,525",106,"Cry, the Beloved Country",6.7,13
0,Drama,31174,en,Richard III,5,29/12/1995,0,104,Richard III,6.9,50
"10,000,000",Action,11443,en,Dead Presidents,10,06/10/1995,0,119,Dead Presidents,6.6,80
"19,000,000",Drama,35196,en,Restoration,11,29/12/1995,0,117,Restoration,6.3,30
"18,000,000",Action,9312,en,Mortal Kombat,11,18/08/1995,"122,195,920",101,Mortal Kombat,5.4,452
"20,000,000",Fantasy,577,en,To Die For,10,20/05/1995,"21,284,514",106,To Die For,6.7,177
"10,000,000",Drama,11861,en,How To Make An American Quilt,4,06/10/1995,"23,574,130",116,How To Make An American Quilt,6.5,38
"33,000,000",Crime,807,en,Se7en,18,22/09/1995,"327,311,859",127,Se7en,8.1,5915
"55,000,000",Adventure,10530,en,Pocahontas,13,14/06/1995,"346,079,773",81,Pocahontas,6.7,1509
0,Drama,8391,en,When Night Is Falling,3,05/05/1995,0,96,When Night Is Falling,5.9,10
"6,000,000",Drama,629,en,The Usual Suspects,16,19/07/1995,"23,341,568",106,The Usual Suspects,8.1,3334
0,Action,117164,en,Guardian Angel,1,22/11/1994,0,93,Guardian Angel,6.3,3
"15,000,000",Comedy,11448,en,Mighty Aphrodite,16,13/09/1995,"6,700,000",95,Mighty Aphrodite,6.7,145
0,Drama,49133,it,Lamerica,1,01/01/1994,0,116,Lamerica,7.7,11
0,Action,26441,en,The Big Green,6,29/09/1995,0,100,The Big Green,5.2,41
0,Drama,97406,en,Georgia,4,19/05/1995,0,115,Georgia,6.1,15
0,NA,124057,en,Kids of the Round Table,0,08/07/1997,0,89,Kids of the Round Table,3,1
0,Comedy,9089,en,Home for the Holidays,8,02/11/1995,"17,519,169",103,Home for the Holidays,6.3,39
0,Comedy,11010,it,Il postino,10,22/09/1994,0,108,The Postman,7.6,181
0,Thriller,99040,fr,Le confessionnal,0,29/09/1995,0,100,The Confessional,6.5,2
"45,000,000",Adventure,11359,en,The Indian in the Cupboard,11,14/07/1995,0,96,The Indian in the Cupboard,5.9,136
"20,000,000",Drama,17182,en,Eye for an Eye,5,12/01/1996,0,101,Eye for an Eye,5.8,65
0,Music,2054,en,Mr. Holland's Opus,7,29/12/1995,"106,269,971",137,Mr. Holland's Opus,6.9,115
0,Comedy,10607,en,Don't Be a Menace to South Central While Drinking Your Juice in the Hood,12,12/01/1996,0,89,Don't Be a Menace to South Central While Drinking Your Juice in the Hood,6.2,192
0,Comedy,19760,en,Two If by Sea,2,12/01/1996,0,96,Two If by Sea,4.5,14
"15,000,000",Comedy,9536,en,Bio-Dome,6,12/01/1996,0,88,Bio-Dome,4.4,110
0,Action,11525,en,Lawnmower Man 2: Beyond Cyberspace,2,12/01/1996,"2,409,225",92,Lawnmower Man 2: Beyond Cyberspace,2.8,32
0,Drama,40628,en,Two Bits,4,22/10/1995,0,85,Two Bits,5.4,11
0,Comedy,4482,fr,Gazon maudit,3,08/02/1995,0,95,French Twist,6,43
"3,500,000",Comedy,10634,en,Friday,15,26/04/1995,"28,215,918",91,Friday,7,513
"19,000,000",Horror,755,en,From Dusk Till Dawn,15,19/01/1996,"25,836,616",108,From Dusk Till Dawn,6.9,1644
"50,000,000",Action,11859,en,Fair Game,6,03/11/1995,"11,534,477",91,Fair Game,4.1,54
0,Comedy,28387,en,Kicking and Screaming,3,06/10/1995,"718,490",96,Kicking and Screaming,7,36
0,Drama,48750,fr,Les misérables,1,22/03/1995,0,175,Les Miserables,6.6,8
0,Drama,20927,en,Bed of Roses,10,26/01/1996,"19,030,691",87,Bed of Roses,5.1,27
"15,000,000",Comedy,36929,en,Big Bully,3,26/01/1996,"2,042,530",90,Big Bully,3.9,16
"20,000,000",Horror,9102,en,Screamers,13,08/09/1995,"5,781,885",108,Screamers,6.1,154
0,Documentary,124626,en,Nico Icon,0,18/02/1995,0,70,Nico Icon,7.3,3
0,Drama,27526,en,The Crossing Guard,6,15/11/1995,0,111,The Crossing Guard,6.1,74
"44,000,000",Drama,9623,en,The Juror,6,02/02/1996,0,118,The Juror,5.5,91
0,Family,46785,fa,بادکنک سفید,1,01/01/1995,0,85,The White Balloon,7.5,20
"8,000,000",Drama,400,en,Things to Do in Denver When You're Dead,4,01/12/1995,"529,766",116,Things to Do in Denver When You're Dead,6.7,87
"900,000",Drama,880,nl,Antonia,2,12/09/1995,0,102,Antonia's Line,7.2,26
0,Romance,146599,en,Once Upon a Time... When We Were Colored,0,26/01/1996,0,115,Once Upon a Time... When We Were Colored,4.5,2
0,NA,188588,en,Last Summer in the Hamptons,1,22/11/1995,0,108,Last Summer in the Hamptons,0,0
0,Drama,8447,en,Angels and Insects,2,10/09/1995,0,118,Angels and Insects,6.3,17
"38,000,000",Action,10534,en,White Squall,10,02/02/1996,"10,300,000",129,White Squall,6.3,86
"16,000,000",Adventure,17414,en,Dunston Checks In,5,12/01/1996,0,88,Dunston Checks In,5.1,59
0,Comedy,13997,en,Black Sheep,9,01/02/1996,32,87,Black Sheep,6,124
"8,169,363",Crime,2086,en,Nick of Time,7,22/11/1995,"8,175,346",90,Nick of Time,6.1,190
0,Drama,61548,en,The Journey of August King,0,14/09/1995,0,91,The Journey of August King,6.7,3
"47,000,000",Drama,9095,en,Mary Reilly,13,23/02/1996,"12,379,402",104,Mary Reilly,5.7,77
"14,000,000",Comedy,12158,en,Vampire in Brooklyn,9,26/10/1995,"19,800,000",100,Vampire in Brooklyn,4.5,113
0,Comedy,9283,en,Beautiful Girls,5,09/02/1996,0,112,Beautiful Girls,6.6,103
"50,000,000",Action,9208,en,Broken Arrow,15,09/02/1996,"150,270,147",108,Broken Arrow,5.7,459
0,Comedy,40154,en,A Midwinter's Tale,1,01/12/1995,0,99,A Midwinter's Tale,7.5,6
"3,000,000",Drama,406,fr,La Haine,12,31/05/1995,0,98,La Haine,7.9,695
0,Action,45549,en,Shopping,3,06/12/1994,0,105,Shopping,5.6,13
0,Documentary,63076,en,Heidi Fleiss: Hollywood Madam,1,27/12/1995,0,106,Heidi Fleiss: Hollywood Madam,6.8,4
0,Drama,11062,en,City Hall,5,16/02/1996,0,111,City Hall,6,67
"7,000,000",Comedy,13685,en,Bottle Rocket,7,21/02/1996,"560,069",91,Bottle Rocket,6.8,285
0,Comedy,47475,en,Mr. Wrong,3,16/02/1996,0,96,Mr. Wrong,3.3,16
"18,000,000",Drama,2045,en,Unforgettable,2,23/02/1996,0,106,Unforgettable,5.3,22
"12,000,000",Comedy,9614,en,Happy Gilmore,10,16/02/1996,"41,205,099",92,Happy Gilmore,6.5,767
"24,000,000",Drama,688,en,The Bridges of Madison County,6,28/05/1995,"182,016,617",135,The Bridges of Madison County,7.3,397
0,Drama,11907,de,Keiner liebt mich,1,07/11/1994,0,104,Nobody Loves Me,5.1,5
0,Action,10874,en,Muppet Treasure Island,7,16/02/1996,"34,327,391",100,Muppet Treasure Island,6.5,93
0,Documentary,89333,en,Catwalk,1,08/12/1995,0,95,Catwalk,7,2
0,Crime,96357,en,Headless Body in Topless Bar,0,20/05/1995,0,110,Headless Body in Topless Bar,0,0
"72,000,000",Action,197,en,Braveheart,21,24/05/1995,"210,000,000",177,Braveheart,7.7,3404
"1,300,000",Crime,103,en,Taxi Driver,14,07/02/1976,"28,262,574",114,Taxi Driver,8.1,2632
"7,500,000",Crime,33542,cn,紅番區,12,30/01/1995,"32,392,047",91,Rumble in the Bronx,6.5,245
"35,000,000",Drama,43566,en,Before and After,3,23/02/1996,0,108,Before and After,5.8,37
0,Drama,71754,en,Margaret's Museum,0,13/09/1995,0,114,Margaret's Museum,7.5,2
"13,365,000",Comedy,43612,en,Le Bonheur est dans le pré,1,31/01/1995,0,106,Happiness Is in the Field,7,23
0,Documentary,51352,en,Anne Frank Remembered,0,08/06/1995,1,117,Anne Frank Remembered,7.3,4
0,Comedy,16934,en,The Young Poisoner's Handbook,6,20/01/1995,0,99,The Young Poisoner's Handbook,6.9,19
0,Comedy,10324,en,If Lucy Fell,3,08/03/1996,0,92,If Lucy Fell,5.4,11
"25,000,000",Comedy,78406,en,Steal Big Steal Little,2,29/09/1995,"6,278,139",113,Steal Big Steal Little,5.1,7
0,Action,55731,en,Race the Sun,1,22/03/1996,0,100,Race the Sun,5.2,21
0,Drama,32119,en,The Boys of St. Vincent,1,06/12/1992,0,90,The Boys of St. Vincent,7,7
"40,000,000",Comedy,11066,en,Boomerang,7,30/06/1992,"70,100,000",117,Boomerang,5.4,139
0,Drama,11104,cn,重慶森林,7,14/07/1994,0,102,Chungking Express,7.9,249
0,Drama,37975,it,L'uomo delle stelle,2,21/09/1995,0,113,The Star Maker,6.8,29
"7,000,000",Comedy,2074,en,Flirting with Disaster,6,22/03/1996,"14,702,438",92,Flirting with Disaster,6.3,66
"17,000,000",Fantasy,27793,en,The NeverEnding Story III,6,26/10/1994,0,95,The Neverending Story III: Escape from Fantasia,4.4,105
0,Drama,44284,ar,صمت القصور,0,30/09/1994,0,116,The Silences of the Palace,4.3,3
0,NA,290157,en,Jupiter's Wife,0,01/01/1995,0,87,Jupiter's Wife,0,0
0,Comedy,110972,en,Pie in the Sky,1,09/02/1996,0,95,Pie in the Sky,7,2
0,Comedy,32622,en,Angela,2,01/01/1995,0,99,Angela,5.6,9
0,Drama,73067,it,Frankie Starlight,1,22/11/1995,0,101,Frankie Starlight,5.4,4
"50,000,000",Action,11863,en,Jade,11,13/10/1995,"9,851,610",95,Jade,5.1,45
0,Comedy,55475,es,Nueba Yol,0,16/08/1995,0,102,Nueba Yol,5.5,1
0,Music,124636,en,Sonic Outlaws,0,01/08/1995,0,87,Sonic Outlaws,0,0
0,Comedy,9101,en,Down Periscope,5,01/03/1996,0,92,Down Periscope,5.6,110
0,Documentary,123360,en,From the Journals of Jean Seberg,0,08/09/1995,0,97,From the Journals of Jean Seberg,6.5,2
0,Comedy,5757,en,Man of the Year,1,15/09/1995,"209,935",86,Man of the Year,3.8,2
0,Drama,39428,en,The Neon Bible,0,23/08/1995,0,91,The Neon Bible,7.2,5
0,NA,124639,en,Target,0,01/08/1995,0,122,Target,0,0
"60,000,000",Drama,9302,en,Up Close & Personal,3,01/03/1996,0,119,Up Close & Personal,5.9,51
"31,000,000",Comedy,11000,en,The Birdcage,6,08/03/1996,"185,260,553",117,The Birdcage,6.7,303
0,Drama,249882,en,Gospa,1,12/10/1995,0,125,Virgin Mary,7,2
0,Comedy,16388,en,The Brothers McMullen,2,09/08/1995,0,98,The Brothers McMullen,6.3,23
"19,000,000",Action,9737,en,Bad Boys,9,07/04/1995,"141,407,024",118,Bad Boys,6.5,1729
0,Action,30765,en,The Amazing Panda Adventure,2,25/08/1995,0,81,The Amazing Panda Adventure,5,31
0,Drama,10474,en,The Basketball Diaries,7,21/04/1995,0,102,The Basketball Diaries,7.2,472
"4,000,000",Romance,22279,en,An Awfully Big Adventure,1,21/07/1995,"851,545",113,An Awfully Big Adventure,6,11
0,Crime,30157,en,Amateur,2,05/08/1994,0,105,Amateur,6.5,21
"52,000,000",Drama,568,en,Apollo 13,19,30/06/1995,"355,237,933",140,Apollo 13,7.3,1637
"28,000,000",Adventure,11780,en,Rob Roy,10,13/04/1995,"31,596,911",139,Rob Roy,6.5,151
0,Drama,34996,en,The Addiction,3,10/01/1995,0,82,The Addiction,6.4,46
"100,000,000",Action,414,en,Batman Forever,13,16/06/1995,"336,529,144",121,Batman Forever,5.2,1529
0,Drama,649,fr,Belle de jour,10,24/05/1967,0,101,Belle de Jour,7.3,163
0,Drama,1873,en,Beyond Rangoon,2,24/05/1995,0,100,Beyond Rangoon,6.4,21
"2,000,000",Comedy,5894,en,Blue in the Face,12,15/09/1995,"1,275,000",83,Blue in the Face,6.8,28
"11,000,000",Action,1775,en,Canadian Bacon,5,08/06/1995,"178,104",91,Canadian Bacon,5.9,57
"50,000,000",Fantasy,8839,en,Casper,13,26/05/1995,"287,928,194",100,Casper,6,1045
"25,000,000",Mystery,20649,en,Clockers,5,15/09/1995,"13,071,518",128,Clockers,6.8,69
"50,000,000",Action,10329,en,Congo,7,09/06/1995,"152,022,101",109,Congo,5,214
"53,000,000",Action,8963,en,Crimson Tide,9,12/05/1995,"157,387,195",116,Crimson Tide,7,508
0,Documentary,26564,en,Crumb,4,10/09/1994,"3,174,695",119,Crumb,7.6,71
"7,000,000",Thriller,8068,en,Desperado,7,25/08/1995,"25,405,445",104,Desperado,6.8,898
"27,000,000",Drama,8512,en,Devil in a Blue Dress,5,15/09/1995,"16,140,822",102,Devil in a Blue Dress,6.3,88
"90,000,000",Action,1572,en,Die Hard: With a Vengeance,15,19/05/1995,"366,101,666",128,Die Hard: With a Vengeance,6.9,2094
0,Action,13552,en,The Doom Generation,7,27/10/1995,0,80,The Doom Generation,5.6,57
0,Drama,259209,en,Feast of July,1,12/10/1995,0,116,Feast of July,0,0
"55,000,000",Action,6520,en,First Knight,15,07/07/1995,"127,600,435",134,First Knight,5.9,319
0,Adventure,9073,en,Free Willy 2 - The Adventure Home,8,19/07/1995,0,95,Free Willy 2 - The Adventure Home,5.5,130
"20,000,000",Action,10428,en,Hackers,15,14/09/1995,"7,563,728",107,Hackers,6.2,406
0,Comedy,17447,en,Jeffrey,3,18/08/1995,0,92,Jeffrey,6.5,19
"25,000,000",Adventure,9886,en,Johnny Mnemonic,12,26/05/1995,"19,075,720",97,Johnny Mnemonic,5.5,380
"90,000,000",Fiction,9482,en,Judge Dredd,8,30/06/1995,"113,493,481",96,Judge Dredd,5.4,643
0,Comedy,19326,en,Jury Duty,4,12/04/1995,"17,014,653",88,Jury Duty,4,34
"1,500,000",Drama,9344,en,Kids,5,28/07/1995,"7,412,216",91,Kids,6.8,280
"500,000",Drama,9071,en,Living in Oblivion,10,20/01/1995,"1,148,752",89,Living in Oblivion,7.2,64
0,Mystery,8973,en,Lord of Illusions,4,25/08/1995,0,119,Lord of Illusions,5.9,87
0,Comedy,15730,en,Love & Human Remains,0,20/05/1993,0,100,Love & Human Remains,7,7
0,Drama,47608,en,Mad Love,3,26/05/1995,"15,453,274",95,Mad Love,5.5,27
"6,000,000",Romance,2293,en,Mallrats,8,20/10/1995,"2,122,561",94,Mallrats,6.8,400
"15,000,000",Action,9070,en,Mighty Morphin Power Rangers: The Movie,7,30/06/1995,"66,000,000",92,Mighty Morphin Power Rangers: The Movie,5.2,153
0,Comedy,68274,en,Moonlight and Valentino,1,29/09/1995,0,100,Moonlight and Valentino,5.6,10
2,Thriller,48787,en,Mute Witness,2,28/09/1995,1,95,Mute Witness,6.4,36
0,Horror,34574,en,Nadja,8,13/09/1994,0,93,Nadja,5.9,12
"22,000,000",Crime,1642,en,The Net,13,28/07/1995,"110,627,965",114,The Net,5.6,359
0,Comedy,11472,en,Nine Months,8,12/07/1995,"69,660,733",103,Nine Months,5.5,171
"150,000",Comedy,36196,en,Party Girl,1,09/06/1995,"472,370",94,Party Girl,5.8,14
8,Fantasy,11980,en,The Prophecy,10,01/09/1995,16,98,The Prophecy,6.4,139
0,Fantasy,58372,en,Reckless,0,17/11/1995,0,91,Reckless,10,1
0,Drama,32646,en,Safe,8,23/06/1995,0,119,Safe,7.2,62
"50,000,000",Drama,10533,en,The Scarlet Letter,7,13/10/1995,"10,382,407",135,The Scarlet Letter,5.5,111
0,Documentary,56088,en,The Show,0,25/08/1995,0,93,The Show,5.3,2
"45,000,000",Drama,10802,en,Showgirls,18,22/09/1995,"20,350,754",128,Showgirls,4.9,261
"7,000,000",Comedy,10149,en,Smoke,6,09/06/1995,"8,349,430",112,Smoke,7.2,115
0,Comedy,18402,en,Something to Talk About,4,04/08/1995,"50,892,160",106,Something to Talk About,5.7,60
"35,000,000",Science Fiction,9348,en,Species,13,07/07/1995,"113,374,103",108,Species,5.5,457
0,Drama,139408,en,The Stars Fell on Henrietta,1,15/09/1995,0,109,The Stars Fell on Henrietta,6.6,6
"42,000,000",Crime,281,en,Strange Days,11,13/10/1995,"7,959,291",145,Strange Days,6.8,334
0,Drama,5967,fr,Les parapluies de Cherbourg,8,19/02/1964,0,91,The Umbrellas of Cherbourg,7.6,119
"14,000,000",Thriller,79593,en,The Tie That Binds,2,08/09/1995,"5,780,000",99,The Tie That Binds,4.6,9
0,Drama,47939,en,Three Wishes,11,27/10/1995,"7,025,496",115,Three Wishes,6.1,18
0,Drama,36834,en,Total Eclipse,5,02/11/1995,"339,889",111,Total Eclipse,6.5,112
0,Comedy,9090,en,"To Wong Foo, Thanks for Everything! Julie Newmar",8,07/09/1995,"47,774,193",105,"To Wong Foo, Thanks for Everything! Julie Newmar",6.3,117
"60,000,000",Action,3512,en,Under Siege 2: Dark Territory,7,13/07/1995,"104,324,083",100,Under Siege 2: Dark Territory,5.6,217
0,Comedy,52856,en,Unstrung Heroes,3,15/09/1995,0,93,Unstrung Heroes,6.4,9
0,Documentary,77350,en,Unzipped,1,11/08/1995,0,73,Unzipped,6,6
"20,000,000",Drama,9560,en,A Walk in the Clouds,10,11/08/1995,"50,012,507",103,A Walk in the Clouds,6.5,168
"175,000,000",Adventure,9804,en,Waterworld,17,28/07/1995,"264,218,220",135,Waterworld,5.9,1017
"8,000,000",Drama,31611,en,White Man's Burden,2,01/12/1995,0,89,White Man's Burden,5.1,25
"30,000,000",Action,65796,en,Wild Bill,9,01/12/1995,0,98,Wild Bill,5.9,27
0,Drama,49805,en,The Browning Version,4,12/10/1994,0,97,The Browning Version,6,11
0,Adventure,26258,en,Bushwhacked,3,04/08/1995,0,90,Bushwhacked,4.9,29
"2,800,000",Drama,50797,ru,Утомлённые солнцем,2,01/05/1994,"2,616,503",135,Burnt by the Sun,6.7,35
0,Drama,19155,en,Before the Rain,4,09/06/1994,"763,847",113,Before the Rain,7.7,45
"2,500,000",Drama,76,en,Before Sunrise,11,27/01/1995,"5,535,405",105,Before Sunrise,7.7,984
"10,000,000",Comedy,11017,en,Billy Madison,7,10/02/1995,"26,488,734",89,Billy Madison,6.2,464
0,Drama,37141,en,The Babysitter,3,17/10/1995,0,90,The Babysitter,4.7,27
"21,000,000",Comedy,9382,en,Boys on the Side,3,03/02/1995,"23,450,000",115,Boys on the Side,6.3,48
0,Drama,6715,en,The Cure,3,21/04/1995,0,97,The Cure,7.2,58
0,Thriller,18256,en,Castle Freak,2,04/08/1995,0,95,Castle Freak,5.8,40
0,Drama,22625,en,Circle of Friends,3,16/03/1995,0,103,Circle of Friends,6.5,30
"27,000",Comedy,2292,en,Clerks,11,13/09/1994,"3,151,130",92,Clerks,7.4,769
"25,000,000",Romance,1909,en,Don Juan DeMarco,7,01/10/1994,"22,200,000",97,Don Juan DeMarco,6.3,184
"55,000,000",Drama,8984,en,Disclosure,12,09/12/1994,"214,015,089",123,Disclosure,5.9,217
0,Thriller,61813,en,Dream Man,0,01/01/1995,0,0,Dream Man,2.5,1
"45,000,000",Action,4954,en,Drop Zone,10,08/12/1994,0,101,Drop Zone,5.1,91
0,Crime,62488,it,Destiny Turns on the Radio,1,28/04/1995,0,0,Destiny Turns on the Radio,5.3,9
0,Drama,10531,en,Death and the Maiden,5,04/05/1994,0,103,Death and the Maiden,7.1,92
0,Crime,11929,en,Dolores Claiborne,6,24/03/1995,0,132,Dolores Claiborne,7.1,183
"16,000,000",Comedy,8467,en,Dumb and Dumber,10,16/12/1994,"247,275,374",107,Dumb and Dumber,6.5,1894
0,Comedy,10451,zh,飲食男女,5,03/08/1994,"7,294,403",123,Eat Drink Man Woman,7.5,76
0,Drama,20156,en,Exotica,5,24/09/1994,0,103,Exotica,6.5,64
0,Thriller,18395,en,Exit to Eden,4,14/10/1994,"6,841,570",113,Exit to Eden,4.3,28
"18,000,000",Comedy,522,en,Ed Wood,12,27/09/1994,"5,887,457",127,Ed Wood,7.3,639
0,Comedy,397,en,French Kiss,9,05/05/1995,0,111,French Kiss,6.2,179
0,Comedy,10525,en,Forget Paris,16,19/05/1995,0,101,Forget Paris,6.1,38
0,Action,27985,en,Far from Home: The Adventures of Yellow Dog,3,13/01/1995,0,87,Far from Home: The Adventures of Yellow Dog,5.6,27
0,Romance,15789,en,A Goofy Movie,10,07/04/1995,"35,348,597",78,A Goofy Movie,6.7,404
"15,000,000",Drama,27303,en,Hideaway,8,03/03/1995,"12,201,255",103,Hideaway,5,24
0,Drama,21183,en,Fluke,5,02/06/1995,0,96,Fluke,6.6,48
0,History,10954,fr,Farinelli,9,07/12/1994,0,111,Farinelli,5.9,20
0,Drama,47867,en,Gordy,0,12/05/1995,"3,992,809",90,Gordy,3,4
0,Fantasy,43475,en,Gumby: The Movie,0,01/12/1995,0,77,Gumby: The Movie,5,2
0,Drama,72031,en,The Glass Shield,1,16/09/1994,0,109,The Glass Shield,5.4,9
"700,000",Documentary,14275,en,Hoop Dreams,9,12/09/1994,"7,830,611",171,Hoop Dreams,7.7,91
"5,000,000",Drama,1024,en,Heavenly Creatures,9,02/09/1994,"3,049,135",99,Heavenly Creatures,6.9,299
"10,500,000",Comedy,17207,en,Houseguest,3,06/01/1995,"26,325,256",113,Houseguest,6,17
120,Drama,13701,en,Immortal Beloved,8,16/12/1994,0,121,Immortal Beloved,6.9,90
0,Comedy,14819,en,Heavyweights,10,17/02/1995,"17,689,177",100,Heavyweights,6,97
0,Action,32631,en,The Hunted,3,24/02/1995,0,106,The Hunted,6,25
"25,000,000",Comedy,11777,en,I.Q.,5,24/12/1994,0,100,I.Q.,5.9,112
"60,000,000",Horror,628,en,Interview with the Vampire,12,11/11/1994,"223,664,608",123,Interview with the Vampire,7.2,1558
"14,000,000",Drama,87729,en,Jefferson in Paris,2,31/03/1995,"2,474,000",139,Jefferson in Paris,5.2,10
0,Comedy,18713,en,The Jerky Boys,1,03/02/1995,0,82,The Jerky Boys,4.8,10
"60,000,000",Comedy,6280,en,Junior,7,22/11/1994,"37,000,000",109,Junior,4.7,381
0,Action,9061,en,Just Cause,9,17/02/1995,0,102,Just Cause,6,124
0,Adventure,37108,en,A Kid in King Arthur's Court,6,11/08/1995,0,89,A Kid in King Arthur's Court,4.3,40
"40,000,000",Action,6071,en,Kiss of Death,8,21/04/1995,0,101,Kiss of Death,5.7,83
"11,000,000",Adventure,11,en,Star Wars,42,25/05/1977,"775,398,007",121,Star Wars,8.1,6778
"18,000,000",Drama,9587,en,Little Women,10,21/12/1994,0,115,Little Women,7,222
"17,000,000",Drama,19101,en,A Little Princess,8,10/05/1995,0,97,A Little Princess,7.4,207
0,Drama,49980,en,Ladybird Ladybird,1,18/02/1994,0,101,Ladybird Ladybird,7.4,14
"10,000,000",Crime,17961,fr,L'Enfer,2,16/02/1994,0,100,L'Enfer,6.6,22
"2,000,000",Drama,18183,es,Como agua para chocolate,4,16/04/1992,"21,665,468",105,Like Water for Chocolate,6.6,70
"30,000,000",Adventure,4476,en,Legends of the Fall,12,16/12/1994,"160,638,883",133,Legends of the Fall,7.2,636
0,Adventure,11008,en,Major Payne,9,24/03/1995,0,95,Major Payne,6.1,164
0,Action,47504,en,Little Odessa,2,27/10/1994,0,98,Little Odessa,6.4,31
0,Crime,32325,en,Mi Vida Loca,2,08/06/1994,0,92,Mi Vida Loca,5.7,9
"60,000,000",Drama,43742,en,Love Affair,3,21/10/1994,0,108,Love Affair,4.3,11
"17,000,000",Drama,28313,en,Losing Isaiah,8,17/03/1995,"7,603,766",106,Losing Isaiah,6.4,28
0,Comedy,11318,en,The Madness of King George,5,28/12/1994,0,107,The Madness of King George,6.7,67
"45,000,000",Drama,3036,en,Frankenstein,14,04/11/1994,"112,006,296",123,Mary Shelley's Frankenstein,6.1,272
0,Action,40490,en,Man of the House,3,03/03/1995,0,96,Man of the House,5.1,40
"15,000,000",Comedy,24070,en,Mixed Nuts,3,21/12/1994,0,97,Mixed Nuts,5.2,37
0,Comedy,8986,en,Milk Money,4,31/08/1994,"18,137,661",108,Milk Money,5.6,49
0,Fantasy,10510,en,Miracle on 34th Street,6,18/11/1994,"46,264,384",114,Miracle on 34th Street,6.4,199
6,Comedy,17402,en,Miami Rhapsody,1,27/01/1995,5,95,Miami Rhapsody,5.6,7
"5,500,000",Comedy,38722,en,My Family,3,03/05/1995,0,128,My Family,7,11
0,Crime,8438,en,Murder in the First,10,20/01/1995,"17,381,942",122,Murder in the First,6.9,140
0,Drama,11593,en,Nobody's Fool,3,23/12/1994,0,110,Nobody's Fool,7,56
"31,000,000",Drama,1945,en,Nell,6,23/12/1994,"106,683,817",112,Nell,6.1,128
0,Crime,39310,en,New Jersey Drive,1,19/04/1995,0,98,New Jersey Drive,6.9,7
0,Action,109560,en,New York Cop,0,14/08/1993,0,93,New York Cop,0,0
"4,800,000",Horror,56428,en,Beyond Bedlam,0,22/04/1994,0,89,Beyond Bedlam,4,4
0,Science Fiction,63105,en,Nemesis 2 - Nebula,1,26/09/1995,0,83,Nemesis 2 - Nebula,4.6,10
0,Drama,131957,en,Nina Takes a Lover,1,03/03/1995,0,100,Nina Takes a Lover,7.4,4
"34,000,000",Crime,241,en,Natural Born Killers,11,25/08/1994,"50,282,766",119,Natural Born Killers,6.9,927
0,Comedy,9058,en,Only You,5,17/09/1994,0,115,Only You,6.4,92
0,Drama,527,en,Once Were Warriors,4,02/09/1994,"2,201,126",99,Once Were Warriors,7.6,106
0,Drama,18220,en,Poison Ivy II: Lily,6,16/01/1996,0,106,Poison Ivy II: Lily,4.6,32
"50,000,000",Action,6950,en,Outbreak,14,10/03/1995,"189,859,560",127,Outbreak,6.4,522
"16,000,000",Thriller,101,fr,Léon,20,14/09/1994,"45,284,974",110,Leon: The Professional,8.2,4293
"11,000,000",Comedy,63020,en,The Perez Family,1,12/05/1995,"2,832,826",113,The Perez Family,6.6,9
0,Comedy,2307,en,A Pyromaniac's Love Story,0,28/04/1995,0,94,A Pyromaniac's Love Story,7,2
"8,000,000",Thriller,680,en,Pulp Fiction,141,10/09/1994,"213,928,762",154,Pulp Fiction,8.3,8670
0,Drama,41478,en,Panther,7,10/11/1995,"6,834,525",124,Panther,6.4,6
"400,000",Comedy,25296,zh,Pushing Hands,2,01/02/1992,"152,322",105,Pushing Hands,6.1,9
0,Drama,40156,en,Priest,2,01/01/1994,"4,176,932",98,Priest,6.4,32
0,History,11450,en,Quiz Show,8,16/09/1994,0,133,Quiz Show,7.1,262
0,Drama,30304,en,Picture Bride,1,05/05/1995,0,94,Picture Bride,7.4,5
0,Drama,10452,fr,La Reine Margot,4,13/05/1994,0,162,Queen Margot,7,67
"32,000,000",Action,12106,en,The Quick and the Dead,8,09/02/1995,"18,552,460",107,The Quick and the Dead,6.2,431
"22,000,000",Drama,161495,sv,Roommates,3,01/03/1995,"12,400,000",108,Roommates,6.4,7
"15,000,000",Drama,3586,en,Prêt-à-Porter,6,23/12/1994,"11,300,653",133,Prêt-à-Porter,5.3,33
0,Drama,110,fr,Trois couleurs : Rouge,8,27/05/1994,0,99,Three Colors: Red,7.8,246
0,Drama,108,fr,Trois couleurs : Bleu,9,10/01/1993,0,98,Three Colors: Blue,7.7,311
0,Comedy,109,fr,Trois couleurs : Blanc,7,26/01/1994,0,91,Three Colors: White,7.3,218
0,Drama,159185,zh,Pao Da Shuang Deng,0,14/10/1994,0,111,"Red Firecracker, Green Firecracker",7,2
0,Comedy,36357,en,Rent-a-Kid,1,01/01/1995,0,85,Rent-a-Kid,5.1,15
0,Horror,92769,en,Relative Fear,0,03/10/1995,0,90,Relative Fear,4.7,3
0,Comedy,28033,en,Stuart Saves His Family,1,12/04/1995,0,95,Stuart Saves His Family,5,6
"35,000,000",Animation,22586,en,The Swan Princess,9,18/11/1994,"9,771,658",89,The Swan Princess,6.5,251
0,Drama,14334,en,The Secret of Roan Inish,2,01/01/1994,0,97,The Secret of Roan Inish,6.1,15
"45,000,000",Action,2636,en,The Specialist,10,07/10/1994,"170,362,582",110,The Specialist,5.5,317
"55,000,000",Action,2164,en,Stargate,13,27/10/1994,"196,567,262",121,Stargate,6.8,942
"22,000,000",Fantasy,11395,en,The Santa Clause,10,10/11/1994,"189,833,357",97,The Santa Clause,6.3,501
"25,000,000",Drama,278,en,The Shawshank Redemption,52,23/09/1994,"28,341,469",142,The Shawshank Redemption,8.5,8358
0,Crime,9905,en,Shallow Grave,8,22/12/1994,0,92,Shallow Grave,7,247
0,Drama,87078,en,Suture,1,14/09/1993,"102,780",96,Suture,6,7
0,Comedy,12527,es,Fresa y chocolate,2,01/01/1993,0,108,Strawberry and Chocolate,7.1,16
0,Crime,20306,en,Swimming with Sharks,6,10/09/1994,0,101,Swimming with Sharks,6.7,104
32,Comedy,36614,en,The Sum of Us,1,12/07/1994,0,100,The Sum of Us,6,21
0,Comedy,27993,en,Senior Trip,5,08/09/1995,0,91,Senior Trip,5.7,23
0,Drama,31439,zh,活着,5,30/06/1994,0,125,To Live,7.7,62
"25,000,000",Action,9067,en,Tank Girl,8,31/03/1995,"4,064,495",98,Tank Girl,5.5,140
0,Horror,9059,en,Tales from the Crypt: Demon Knight,9,13/01/1995,0,92,Tales from the Crypt: Demon Knight,6.7,96
"38,000,000",Science Fiction,193,en,Star Trek: Generations,8,17/11/1994,"120,000,000",118,Star Trek: Generations,6.4,461
"6,000,000",Crime,25066,en,Tales from the Hood,3,24/05/1995,"12,000,000",98,Tales from the Hood,5.4,33
0,Drama,46797,en,Tom & Viv,1,15/04/1994,0,115,Tom & Viv,5.8,8
0,Thriller,12122,en,Village of the Damned,7,28/04/1995,0,99,Village of the Damned,5.6,165
0,Comedy,11381,en,Tommy Boy,12,31/03/1995,"32,648,673",97,Tommy Boy,6.8,321
0,Drama,32636,en,Vanya on 42nd Street,7,13/09/1994,0,119,Vanya on 42nd Street,6.1,15
"6,500,000",Thriller,36141,en,The Underneath,2,28/04/1995,0,99,The Underneath,5.6,15
0,Drama,95963,en,The Walking Dead,1,24/02/1995,0,88,The Walking Dead,6.6,4
"11,000,000",Romance,1587,en,What's Eating Gilbert Grape,10,17/12/1993,"10,032,765",118,What's Eating Gilbert Grape,7.5,943
"30,000,000",Action,9271,en,Virtuosity,5,04/08/1995,"24,048,000",106,Virtuosity,5.4,163
"17,000,000",Comedy,2064,en,While You Were Sleeping,16,21/04/1995,"182,057,016",103,While You Were Sleeping,6.5,340
0,Drama,19855,en,The War,4,04/11/1994,0,126,The War,6.3,39
0,Comedy,60855,en,Double Happiness,0,07/09/1994,"759,393",87,Double Happiness,5.5,2
"3,000,000",Drama,236,en,Muriel's Wedding,5,29/09/1994,"15,119,639",106,Muriel's Wedding,6.9,104
0,Comedy,48287,en,The Baby-Sitters Club,2,18/08/1995,0,94,The Baby-Sitters Club,5.3,23
"15,000,000",Comedy,3049,en,Ace Ventura: Pet Detective,11,04/02/1994,"107,217,396",86,Ace Ventura: Pet Detective,6.4,1684
0,Drama,2759,en,"The Adventures of Priscilla, Queen of the Desert",8,31/05/1994,"11,220,670",104,"The Adventures of Priscilla, Queen of the Desert",7.2,174
0,Drama,12635,en,Backbeat,2,01/04/1994,0,100,Backbeat,6.2,37
"5,000,000",Thriller,10497,en,Bitter Moon,11,02/09/1992,"1,862,805",139,Bitter Moon,7,115
0,Action,11382,en,Bullets Over Broadway,6,14/10/1994,0,98,Bullets Over Broadway,7,130
"62,000,000",Action,9331,en,Clear and Present Danger,8,03/08/1994,"215,887,717",141,Clear and Present Danger,6.4,390
"45,000,000",Drama,10731,en,The Client,15,20/07/1994,"117,615,211",119,The Client,6.4,287
0,Comedy,10464,en,"Corrina, Corrina",7,12/08/1994,0,115,"Corrina, Corrina",6.4,83
0,Comedy,34152,en,Crooklyn,3,13/05/1994,0,115,Crooklyn,6.7,31
"15,000,000",Fantasy,9495,en,The Crow,16,11/05/1994,"94,000,000",102,The Crow,7.3,980
0,Drama,29973,en,Cobb,3,02/12/1994,"1,007,583",128,Cobb,6.1,29
"46,000,000",Fantasy,888,en,The Flintstones,15,26/05/1994,"341,631,208",91,The Flintstones,5,559
"55,000,000",Comedy,13,en,Forrest Gump,48,06/07/1994,"677,945,399",142,Forrest Gump,8.2,8147
"6,000,000",Comedy,712,en,Four Weddings and a Funeral,9,09/03/1994,"254,700,832",117,Four Weddings and a Funeral,6.6,654
0,Romance,16295,en,Higher Learning,8,11/01/1995,"38,290,723",127,Higher Learning,6.4,49
0,Comedy,48992,en,I Like It Like That,0,14/10/1994,"1,777,020",104,I Like It Like That,6.3,4
"45,000,000",Action,10879,en,I Love Trouble,4,29/06/1994,"61,947,267",123,I Love Trouble,5.3,41
0,Comedy,10660,en,It Could Happen to You,11,29/07/1994,0,101,It Could Happen to You,6.1,154
0,Adventure,10714,en,The Jungle Book,11,23/12/1994,0,111,The Jungle Book,5.9,107
0,Documentary,41647,en,Die Macht der Bilder: Leni Riefenstahl,1,11/09/1993,"449,707",180,"The Wonderful, Horrible Life of Leni Riefenstahl",7.3,5
"45,000,000",Family,8587,en,The Lion King,22,23/06/1994,"788,241,776",89,The Lion King,8,5520
"35,000,000",Drama,1689,en,Little Buddha,6,01/12/1993,"4,858,139",140,Little Buddha,6,76
"14,000,000",Horror,11596,en,New Nightmare,10,13/10/1994,"18,090,181",112,New Nightmare,6.4,297
"23,000,000",Romance,854,en,The Mask,14,29/07/1994,"351,583,407",101,The Mask,6.6,2550
0,Action,9359,en,Maverick,15,20/05/1994,0,127,Maverick,6.6,490
0,Drama,23333,en,Mrs. Parker and the Vicious Circle,5,07/09/1994,0,125,Mrs. Parker and the Vicious Circle,6.3,20
"30,000,000",Comedy,36593,en,The Naked Gun 33⅓: The Final Insult,11,18/03/1994,"51,132,598",83,The Naked Gun 33⅓: The Final Insult,6.4,535
"6,000,000",Comedy,12280,en,The Paper,4,18/03/1994,0,112,The Paper,6.1,40
"11,500,000",Drama,2788,en,Reality Bites,7,18/02/1994,"20,079,850",99,Reality Bites,6.5,180
"8,000,000",Crime,10427,en,Red Rock West,5,08/07/1993,"2,000,000",98,Red Rock West,6.4,71
"40,000,000",Comedy,11011,en,Ri¢hie Ri¢h,7,19/12/1994,0,95,Ri¢hie Ri¢h,5.4,426
0,Drama,49803,en,Safe Passage,5,01/12/1994,0,98,Safe Passage,4.9,7
"45,000,000",Action,8987,en,The River Wild,11,30/09/1994,0,111,The River Wild,6.1,214
"30,000,000",Action,1637,en,Speed,11,09/06/1994,"350,448,145",116,Speed,6.8,1814
0,Comedy,15128,en,Speechless,2,16/12/1994,0,99,Speechless,5.5,24
"27,000,000",Thriller,8831,en,Timecop,9,15/09/1994,"101,646,581",99,Timecop,5.5,288
"115,000,000",Action,36955,en,True Lies,11,14/07/1994,"378,882,411",141,True Lies,6.8,1138
0,Drama,10449,en,When a Man Loves a Woman,4,29/04/1994,"50,021,959",126,When a Man Loves a Woman,6,71
0,Fantasy,10395,en,Wolf,14,17/06/1994,0,125,Wolf,6,221
"63,000,000",Drama,12160,en,Wyatt Earp,9,24/06/1994,"25,052,000",191,Wyatt Earp,6.5,203
0,Action,40480,en,Bad Company,1,20/01/1995,0,108,Bad Company,4.9,12
0,Comedy,52038,en,A Man of No Importance,0,22/12/1994,953,99,A Man of No Importance,6.5,2
0,Comedy,29444,en,S.F.W.,3,15/09/1994,0,96,S.F.W.,6.1,22
"10,000,000",Action,26352,en,A Low Down Dirty Shame,3,23/11/1994,"29,392,418",100,A Low Down Dirty Shame,6,31
0,Drama,39953,en,"Boys Life: Three Stories of Love, Lust, and Liberation",0,30/09/1994,0,91,"Boys Life: Three Stories of Love, Lust, and Liberation",2,1
0,Drama,41580,fr,Le colonel Chabert,1,01/01/1994,0,110,Colonel Chabert,5.9,9
"45,000",Action,315,en,"Faster, Pussycat! Kill! Kill!",4,06/08/1965,0,83,"Faster, Pussycat! Kill! Kill!",6.5,59
"7,000,000",Crime,22067,en,Jason's Lyric,1,28/09/1994,"20,851,521",119,Jason's Lyric,5.9,9
0,Animation,18242,en,The Secret Adventures of Tom Thumb,0,10/12/1993,0,61,The Secret Adventures of Tom Thumb,7.1,8
"35,000,000",Action,11667,en,Street Fighter,14,22/12/1994,"99,423,521",102,Street Fighter,4.1,330
0,Action,32502,en,Coldblooded,2,15/09/1995,0,92,Coldblooded,6.7,13
0,NA,267188,en,Desert Winds,0,31/12/1997,0,97,Desert Winds,0,0
0,Action,28732,en,Fall Time,1,13/05/1995,0,88,Fall Time,6.3,6
0,Horror,75555,en,The Fear,0,20/01/1995,0,98,The Fear,3.4,7
0,Documentary,42981,en,Frank and Ollie,0,20/10/1995,0,89,Frank and Ollie,7.5,4
0,Romance,278939,en,Girl in the Cadillac,0,24/10/1995,0,89,Girl in the Cadillac,10,1
0,Thriller,291731,en,Homage,0,03/05/1995,0,97,Homage,0,0
0,Action,226229,en,Mirage,0,21/11/1995,0,92,Mirage,4,1
0,Comedy,203119,en,Open Season,0,03/05/1996,0,97,Open Season,0,0
0,NA,172923,en,Dos Crímenes,0,26/05/1995,0,0,Dos Crímenes,5,1
0,Documentary,316098,en,Brother Minister: The Assassination of Malcolm X,0,01/03/1995,0,115,Brother Minister: The Assassination of Malcolm X,4,1
"26,000,000",Action,8011,en,Highlander III: The Sorcerer,7,29/11/1994,"36,800,000",99,Highlander: The Final Dimension,4.5,110
0,NA,171857,en,Federal Hill,0,24/02/1995,0,97,Federal Hill,5,2
"8,000,000",Horror,2654,en,In the Mouth of Madness,8,12/12/1994,"8,946,600",95,In the Mouth of Madness,7.1,307
0,Drama,18069,en,8 Seconds,2,25/02/1994,0,105,8 Seconds,7.2,22
0,Crime,19092,en,Above the Rim,4,23/03/1994,0,96,Above the Rim,6.7,40
0,Comedy,2758,en,Addams Family Values,18,19/11/1993,"48,919,043",94,Addams Family Values,6.5,537
0,Comedy,38129,en,Martin Lawrence: You So Crazy,0,27/04/1994,0,84,Martin Lawrence: You So Crazy,4.5,4
"34,000,000",Drama,10436,en,The Age of Innocence,8,17/09/1993,"32,255,440",139,The Age of Innocence,7,172
0,Comedy,13595,en,Airheads,7,05/08/1994,0,92,Airheads,5.8,222
"17,080,000",Comedy,46094,en,The Air Up There,2,07/01/1994,"21,011,500",107,The Air Up There,5.1,42
0,Action,9409,en,Another Stakeout,13,22/07/1993,0,105,Another Stakeout,4.9,58
0,Action,11853,en,Bad Girls,15,22/04/1994,"15,240,435",99,Bad Girls,4.6,61
"3,200,000",Comedy,16771,en,Barcelona,2,29/07/1994,0,100,Barcelona,6.6,20
"40,000,000",Drama,46924,en,Being Human,3,06/05/1994,0,122,Being Human,5,15
0,Comedy,11041,en,The Beverly Hillbillies,6,15/10/1993,0,93,The Beverly Hillbillies,5,86
"50,000,000",Action,306,en,Beverly Hills Cop III,12,24/05/1994,"119,208,989",104,Beverly Hills Cop III,5.5,445
0,Action,14522,en,Black Beauty,8,29/07/1994,0,88,Black Beauty,6.6,68
0,Mystery,26203,en,Blink,3,26/01/1994,"16,668,552",106,Blink,6.3,45
0,Drama,178,en,Blown Away,13,01/07/1994,"30,156,002",121,Blown Away,6,126
0,Drama,19819,en,Blue Chips,6,18/02/1994,0,108,Blue Chips,5.7,41
0,Drama,57834,en,Blue Sky,5,16/09/1994,0,101,Blue Sky,6.1,28
"13,000,000",Horror,4722,en,Body Snatchers,7,09/06/1993,"428,868",87,Body Snatchers,5.8,102
0,Drama,18215,en,Boxing Helena,4,18/06/1993,"1,796,389",107,Boxing Helena,4.5,59
"22,000,000",Drama,1607,en,A Bronx Tale,6,14/09/1993,"17,287,898",121,A Bronx Tale,7.4,447
0,Comedy,26391,en,Cabin Boy,2,07/01/1994,"3,662,459",80,Cabin Boy,4.9,28
"13,000,000",Drama,117553,en,Calendar Girl,1,03/09/1993,"2,570,145",90,Calendar Girl,3.7,10
"30,000,000",Action,6075,en,Carlito's Way,9,10/11/1993,"36,516,012",144,Carlito's Way,7.7,805
0,Action,11310,en,City Slickers II: The Legend of Curly's Gold,9,10/06/1994,0,116,City Slickers II: The Legend of Curly's Gold,4.9,103
0,Comedy,18658,en,Clean Slate,3,06/05/1994,"7,355,425",107,Clean Slate,5.7,25
"70,000,000",Action,9350,en,Cliffhanger,10,28/05/1993,"255,000,211",112,Cliffhanger,6.1,600
0,Comedy,9612,en,Coneheads,11,23/07/1993,0,88,Coneheads,4.8,228
"40,000,000",Drama,2124,en,Color of Night,14,19/08/1994,"19,726,050",121,Color of Night,5.4,117
0,Action,26261,en,Cops & Robbersons,7,15/04/1994,0,93,Cops & Robbersons,5,36
0,Western,19176,en,The Cowboy Way,4,03/06/1994,0,102,The Cowboy Way,5.1,38
0,Drama,49299,en,Dangerous Game,3,19/11/1993,0,108,Dangerous Game,5.4,9
0,Comedy,11566,en,Dave,14,07/05/1993,"63,000,000",110,Dave,6.3,205
"6,900,000",Comedy,9571,en,Dazed and Confused,7,24/09/1993,"7,993,039",102,Dazed and Confused,7.4,588
"57,000,000",Crime,9739,en,Demolition Man,12,08/10/1993,"159,055,768",115,Demolition Man,6.4,1018
0,Documentary,24257,en,The Endless Summer 2,0,03/06/1994,0,109,The Endless Summer 2,7.1,12
"8,000,000",Western,34444,en,Even Cowgirls Get the Blues,3,13/05/1994,0,96,Even Cowgirls Get the Blues,4.2,29
0,Comedy,26141,en,Fatal Instinct,4,29/10/1993,0,91,Fatal Instinct,5.4,37
0,Drama,10997,zh,霸王别姬,5,16/09/1993,0,171,Farewell My Concubine,7.8,98
0,Drama,50463,en,The Favor,1,29/04/1994,0,97,The Favor,3.3,6
0,Drama,10443,en,Fearless,9,15/10/1993,0,122,Fearless,6.8,80
0,Comedy,20239,en,Fear of a Black Hat,1,28/10/1994,0,88,Fear of a Black Hat,5.8,11
0,Comedy,16297,en,With Honors,3,29/04/1994,0,103,With Honors,6.1,54
0,Drama,18551,en,Flesh and Bone,2,05/11/1993,"9,488,998",126,Flesh and Bone,6.2,22
0,Comedy,25440,en,Widows' Peak,0,13/05/1994,0,101,Widows' Peak,4.3,3
"30,000,000",Comedy,9024,en,For Love or Money,8,01/10/1993,"11,146,270",94,For Love or Money,5.7,77
"42,000,000",Drama,37233,en,The Firm,10,30/06/1993,"270,248,367",154,The Firm,6.6,513
"20,000,000",Family,1634,en,Free Willy,6,16/07/1993,"153,698,625",112,Free Willy,6,429
0,Crime,13815,en,Fresh,4,24/08/1994,0,114,Fresh,7.6,56
"44,000,000",Adventure,5503,en,The Fugitive,10,06/08/1993,"368,875,760",130,The Fugitive,7.2,1240
"35,000,000",History,35588,en,Geronimo: An American Legend,5,10/12/1993,"18,635,620",115,Geronimo: An American Legend,5.9,44
0,Drama,2087,en,The Getaway,14,11/02/1994,30,115,The Getaway,5.4,81
"30,000,000",Family,41579,en,Getting Even with Dad,2,17/06/1994,0,109,Getting Even with Dad,4.5,43
0,Drama,18620,en,Go Fish,1,10/06/1994,0,83,Go Fish,3.9,5
0,Comedy,41006,en,A Good Man in Africa,5,14/07/1994,0,94,A Good Man in Africa,5.2,11
0,Drama,4916,en,Guilty as Sin,5,04/06/1993,"22,886,222",107,Guilty as Sin,5.6,21
"18,000,000",Action,2019,en,Hard Target,8,20/08/1993,"74,189,677",97,Hard Target,6.1,237
"33,000,000",History,31642,en,Heaven & Earth,4,24/12/1993,0,140,Heaven & Earth,6.4,51
"25,000,000",Action,9255,en,Hot Shots! Part Deux,13,21/05/1993,"133,752,825",86,Hot Shots! Part Deux,6.2,463
0,Comedy,26271,en,Live Nude Girls,2,08/12/1995,0,95,Live Nude Girls,4.7,12
0,Drama,10612,en,The Englishman Who Went Up a Hill But Came Down a Mountain,5,12/05/1995,0,99,The Englishman Who Went Up a Hill But Came Down a Mountain,6.1,83
"25,000,000",Romance,2259,en,The House of the Spirits,11,19/10/1993,0,140,The House of the Spirits,6.7,135
0,Comedy,16097,en,House Party 3,1,01/01/1994,0,100,House Party 3,4.6,11
"30,000,000",Comedy,11934,en,The Hudsucker Proxy,8,11/03/1994,0,111,The Hudsucker Proxy,7.1,280
"40,000,000",Comedy,106143,en,I'll Do Anything,2,04/02/1994,0,115,I'll Do Anything,5.7,18
0,Comedy,12475,en,In the Army Now,6,12/08/1994,"28,881,266",91,In the Army Now,4.7,54
"40,000,000",Action,9386,en,In the Line of Fire,13,08/07/1993,"176,997,168",128,In the Line of Fire,6.8,392
"13,000,000",Drama,7984,en,In the Name of the Father,7,12/12/1993,"65,796,862",133,In the Name of the Father,7.6,363
0,Comedy,59930,en,The Inkwell,1,22/04/1994,"8,880,705",110,The Inkwell,3.9,5
0,Drama,15765,en,What's Love Got to Do with It,15,09/06/1993,0,118,What's Love Got to Do with It,6.9,75
"30,000,000",Comedy,31643,en,Jimmy Hollywood,5,30/03/1994,0,112,Jimmy Hollywood,4.6,17
0,Action,6,en,Judgment Night,6,15/10/1993,"12,136,938",110,Judgment Night,6.4,79
"63,000,000",Adventure,329,en,Jurassic Park,9,11/06/1993,"920,100,000",127,Jurassic Park,7.6,4956
"9,000,000",Thriller,10909,en,Kalifornia,8,01/09/1993,"2,395,231",117,Kalifornia,6.5,209
"1,500,000",Action,507,en,Killing Zoe,5,01/10/1993,"418,961",96,Killing Zoe,6.1,111
0,Drama,34024,en,King of the Hill,4,20/08/1993,0,103,King of the Hill,6.4,33
0,Action,29918,en,Lassie,4,22/07/1994,0,94,Lassie,6.1,54
"85,000,000",Adventure,9593,en,Last Action Hero,9,18/06/1993,"137,298,489",130,Last Action Hero,6.1,725
0,Comedy,42580,en,Life With Mikey,6,04/06/1993,0,91,Life With Mikey,5.1,24
0,Action,22317,en,Lightning Jack,3,11/03/1994,0,98,Lightning Jack,5.7,40
0,Drama,1413,en,M. Butterfly,7,09/09/1993,"1,499,795",101,M. Butterfly,6.6,35
"22,000,000",Comedy,12121,en,Made in America,5,27/05/1993,0,111,Made in America,5.3,86
0,Drama,2246,en,Malice,10,29/09/1993,"46,405,336",107,Malice,5.9,105
0,Drama,10502,en,The Man without a Face,6,25/08/1993,"24,760,338",114,The Man without a Face,6.2,125
"13,500,000",Comedy,10440,en,Manhattan Murder Mystery,9,18/08/1993,"11,285,588",104,Manhattan Murder Mystery,7.1,169
"3,500,000",Drama,9516,en,Menace II Society,5,26/05/1993,"27,900,000",97,Menace II Society,7.2,179
"55,000,000",Action,2320,en,Executive Decision,13,15/03/1996,"121,969,216",133,Executive Decision,5.8,261
0,Drama,5879,ja,愛のコリーダ,9,15/05/1976,0,105,In the Realm of the Senses,6.5,112
0,Thriller,83718,en,What Happened Was...,1,09/09/1994,0,91,What Happened Was...,7,7
"8,000,000",Drama,11971,en,Much Ado About Nothing,9,07/05/1993,0,111,Much Ado About Nothing,7.2,194
0,Drama,2625,en,Mr. Jones,7,08/10/1993,0,114,Mr. Jones,5.9,35
0,Comedy,31911,en,Mr. Wonderful,13,15/10/1993,0,98,Mr. Wonderful,5.5,11
"25,000,000",Comedy,788,en,Mrs. Doubtfire,11,24/11/1993,"441,286,195",125,Mrs. Doubtfire,7,1638
0,Comedy,21450,en,Naked,9,14/09/1993,0,131,Naked,7.5,105
"12,000,000",Adventure,11231,en,The Next Karate Kid,10,18/07/1994,"15,826,984",107,The Next Karate Kid,4.8,202
0,Comedy,41588,en,The New Age,1,16/09/1994,0,112,The New Age,4.8,5
"20,000,000",Action,10447,en,No Escape,10,29/04/1994,"15,340,000",118,No Escape,6.1,86
"40,000,000",Comedy,31586,en,North,16,22/07/1994,0,87,North,4.8,67
"4,000,000",Romance,9300,en,Orlando,4,01/09/1992,0,93,Orlando,6.7,53
"30,000,000",Crime,9559,en,A Perfect World,8,24/11/1993,"135,130,999",138,A Perfect World,7.2,376
"26,000,000",Drama,9800,en,Philadelphia,13,22/12/1993,"206,678,440",125,Philadelphia,7.6,1019
"7,000,000",Drama,713,en,The Piano,7,19/05/1993,"116,700,000",121,The Piano,7.1,290
"14,000,000",Drama,8291,en,Poetic Justice,7,23/07/1993,"27,515,786",109,Poetic Justice,6.9,47
0,Drama,18133,en,The Program,3,24/09/1993,"23,042,200",112,The Program,6,28
0,Horror,25557,en,The Puppet Masters,7,21/10/1994,"8,638,072",109,The Puppet Masters,5.6,41
0,Comedy,22588,en,Radioland Murders,9,21/10/1994,0,108,Radioland Murders,5.8,12
"11,000,000",Comedy,10872,en,The Ref,6,09/03/1994,"11,439,193",97,The Ref,6.7,99
"11,500,000",Drama,1245,en,The Remains of the Day,12,05/11/1993,"23,237,911",134,The Remains of the Day,7.5,213
"40,000,000",Comedy,11858,en,Renaissance Man,5,03/06/1994,"24,332,324",128,Renaissance Man,5.9,83
0,Action,7007,en,Rising Sun,6,30/07/1993,"107,198,790",125,Rising Sun,5.8,188
0,Comedy,10467,en,The Road to Wellville,3,28/10/1994,0,118,The Road to Wellville,5.5,43
"22,000,000",Action,5550,en,RoboCop 3,9,17/04/1993,"10,696,210",104,RoboCop 3,4.2,309
"20,000,000",Comedy,8005,en,Robin Hood: Men in Tights,17,28/07/1993,"35,739,755",104,Robin Hood: Men in Tights,6.4,575
"11,500,000",Action,2088,en,Romeo Is Bleeding,10,13/09/1993,"3,275,585",100,Romeo Is Bleeding,5.7,36
0,Action,10412,en,Romper Stomper,5,05/03/1992,0,94,Romper Stomper,6.6,126
"800,000",Drama,47889,en,Ruby in Paradise,1,08/10/1993,"1,001,437",114,Ruby in Paradise,5.6,10
"12,000,000",Drama,14534,en,Rudy,6,17/09/1993,"22,750,363",114,Rudy,7.2,187
0,Drama,56583,en,The Saint of Fort Washington,1,03/11/1993,0,99,The Saint of Fort Washington,4,5
0,Drama,41878,fr,Les Nuits Fauves,1,19/08/1992,0,126,Savage Nights,6.2,11
"22,000,000",Drama,424,en,Schindler's List,42,29/11/1993,"321,365,567",195,Schindler's List,8.3,4436
0,Comedy,35233,en,The Scout,6,30/09/1994,0,101,The Scout,5.3,37
0,Drama,14291,en,Searching for Bobby Fischer,12,13/08/1993,"7,266,383",110,Searching for Bobby Fischer,7.3,100
0,Drama,103413,en,Second Best,1,30/09/1994,0,105,Second Best,5.9,8
0,Drama,11236,en,The Secret Garden,6,13/08/1993,0,102,The Secret Garden,7.1,232
"13,000,000",Comedy,11592,en,Serial Mom,5,13/04/1994,"7,820,688",95,Serial Mom,6.4,137
"25,000,000",Adventure,8850,en,The Shadow,8,01/07/1994,"48,063,435",108,The Shadow,5.4,140
"22,000,000",Drama,10445,en,Shadowlands,3,25/12/1993,0,131,Shadowlands,6.8,61
0,Comedy,695,en,Short Cuts,9,05/09/1993,"6,110,979",187,Short Cuts,6.9,136
0,Drama,43535,en,A Simple Twist of Fate,4,02/09/1994,0,106,A Simple Twist of Fate,5.7,26
0,Comedy,12519,en,Sirens,3,01/10/1993,"7,770,731",98,Sirens,5.2,31
0,Mystery,23210,en,Six Degrees of Separation,9,08/12/1993,0,112,Six Degrees of Separation,6.5,75
"21,000,000",Comedy,858,en,Sleepless in Seattle,10,24/06/1993,"227,799,884",105,Sleepless in Seattle,6.5,630
"40,000,000",Drama,867,en,Sliver,11,21/05/1993,"116,300,000",108,Sliver,4.9,144
"28,000,000",Science Fiction,78,en,Blade Runner,96,25/06/1982,"33,139,618",117,Blade Runner,7.9,3833
0,Comedy,13203,en,Son in Law,9,02/07/1993,"36,448,200",95,Son in Law,5.6,81
0,Drama,346225,es,La calle de la amargura,0.553966,17/09/2015,0,99,Bleak Street,6,2
0,Documentary,333097,en,Almost Holy,0.492842,16/04/2015,0,97,Almost Holy,6,3
0,Horror,415633,en,Tonight She Comes,1.136537,09/10/2016,0,84,Tonight She Comes,5.3,14
0,Action,429524,en,Drone Wars,1.451207,30/03/2016,0,0,Drone Wars,3,7
0,Family,421126,uk,Микита Кожум'яка,1.694007,09/01/2017,0,85,The Dragon Spell,4,1
0,Drama,104810,en,Iyulskiy Dozhd,0.425701,06/06/1966,0,107,July Rain,5.3,3
0,Drama,383743,fr,Avant les rues,0.147947,18/02/2016,0,98,Before the Streets,4,2
0,Romance,365451,en,"Baby, Baby, Baby",1.56871,30/10/2015,0,92,"Baby, Baby, Baby",6,4
0,Comedy,17229,en,Bill Maher: The Decider,0.633204,21/07/2007,0,60,Bill Maher: The Decider,7.1,9
0,Documentary,75760,en,American Teacher,0.488224,03/05/2011,0,81,American Teacher,5.7,3
0,Action,412669,en,First Round Down,0.422836,04/03/2017,0,0,First Round Down,10,1
0,Comedy,279687,en,Futurama: The Lost Adventure,0.988667,24/06/2008,0,30,Futurama: The Lost Adventure,7.9,10
0,Horror,464111,en,Zygote,3.214001,12/07/2017,0,23,Zygote,7.2,28
0,Documentary,385305,en,24×36,0.397526,05/03/2016,0,81,24×36,8.1,7
0,Fantasy,440597,en,Wish Upon,59.578823,07/07/2017,0,90,Wish Upon,5.3,127
0,Mystery,433711,en,All Superheroes Must Die 2: The Last Superhero,0.00022,,0,74,All Superheroes Must Die 2: The Last Superhero,4,1
0,Comedy,417870,en,Girls Trip,37.964872,21/07/2017,0,122,Girls Trip,7.1,393
0,Comedy,419459,en,Landline,1.811506,21/07/2017,0,93,Landline,5.1,9
"34,000,000",Thriller,407448,en,Detroit,9.797505,28/07/2017,0,143,Detroit,7.3,67
0,Drama,414453,en,Columbus,1.309265,04/08/2017,0,104,Columbus,6,4
0,Documentary,329005,en,Autism in Love,0.341701,15/04/2015,0,76,Autism in Love,5.8,4
0,Comedy,213204,en,The Foxy Merkins,0.377664,09/08/2013,0,81,The Foxy Merkins,6,2
0,Drama,117800,ja,Hourou-ki,0.013818,29/09/1962,0,124,A Wanderer's Notebook,0,0
0,Thriller,384594,en,Blood Hunters,0.857218,01/10/2016,0,90,Blood Hunters,5.6,5
0,NA,257059,en,Комбинат «Надежда»,1.153509,25/01/2014,0,104,The Hope Factory,5.3,7
0,Comedy,412103,en,Rick and Morty: State of Georgia Vs. Denver Fenton Allen,0.760622,24/07/2016,0,10,Rick and Morty: State of Georgia Vs. Denver Fenton Allen,8.7,10
0,Documentary,438665,en,Fittest On Earth: A Decade Of Fitness,0.867259,01/02/2017,0,116,Fittest On Earth: A Decade Of Fitness,6,2
0,Thriller,437830,en,Zero 3,0.184337,27/01/2017,0,90,Zero 3,8.7,3
0,Comedy,7014,fr,Themroc,2.018911,01/03/1973,0,104,Themroc,7.1,9
0,Documentary,411516,de,Ein deutsches Leben,0.126064,15/10/2016,0,107,A German Life,7.5,2
0,NA,254689,en,Never Tear Us Apart: The Untold Story of INXS,0.132677,09/02/2014,0,180,Never Tear Us Apart: The Untold Story of INXS,6,1
0,Action,101190,pl,Gangsterzy i filantropi,0.123891,15/02/1963,0,82,Gangsters and Philantropists,4.3,2
0,NA,316437,hi,Pairon Talle,0.059486,15/01/2011,0,99,Pairon Talle,5,1
0,Drama,85709,ko,Dooman River,0.288618,28/08/2010,0,90,Dooman River,5.5,4
0,Documentary,60378,de,Hitler - Eine Karriere,0.361641,08/07/1977,0,150,Hitler: A Career,7.2,7
0,Comedy,403667,nl,Adios amigos,0.32814,08/09/2016,0,0,Adios amigos,6.3,4
0,Comedy,74464,nl,Kleine Teun,0.124481,30/04/1998,0,95,Little Tony,7.3,3
0,Drama,459950,en,Feed,4.207731,18/07/2017,0,96,Feed,7.3,50
0,Documentary,332543,en,A Genius Leaves the Hood - The Unauthorized Story of Jay Z,0.325405,21/03/2014,0,0,A Genius Leaves the Hood - The Unauthorized Story of Jay Z,6,2
0,Documentary,128571,en,Cure for Pain: The Mark Sandman Story,0.184134,29/04/2011,0,85,Cure for Pain: The Mark Sandman Story,5,3
0,Comedy,82029,fr,Itinéraire bis,0.869853,03/08/2011,0,80,Itinéraire bis,4.8,23
0,Comedy,33704,fr,Le Carton,0.867684,06/10/2004,0,88,The Box,5.7,10
0,Comedy,103344,fr,Dépression et des Potes,1.217071,30/04/2012,0,95,Dépression et des Potes,5.1,27
0,Comedy,275272,fr,Je hais les enfants!,0.040481,12/11/2003,0,0,Je hais les enfants!,6.5,1
0,Comedy,68637,fr,L'Élève Ducobu,3.582418,22/06/2011,0,0,Ducoboo,4.9,79
0,Drama,454774,en,The Girl from the Song,1.072172,24/04/2017,0,102,The Girl from the Song,6.3,4
0,Comedy,433410,en,Selbstkritik eines bürgerlichen Hundes,0.079173,29/01/2017,0,99,Self-criticism of a Bourgeois Dog,0,0
0,Documentary,429039,fr,"Jean Ziegler, l'optimisme de la volonté",0.087452,23/11/2016,0,0,"Jean Ziegler, l'optimisme de la volonté",0,0
0,Drama,45592,en,Film,0.576055,04/09/1965,0,20,Film,6.5,11
0,Comedy,69483,en,Julia Misbehaves,0.419679,08/08/1948,0,99,Julia Misbehaves,6.8,3
0,Adventure,423453,fr,Sahara,8.665106,01/02/2017,"7,800,000",86,Sahara,5.4,43
0,Thriller,451955,fr,L'Amant double,9.907026,26/05/2017,0,110,The Double Lover,6.2,72
0,Drama,70609,de,Schulmädchen-Report 5. Teil: Was Eltern wirklich wissen sollten,3.484932,13/04/1973,0,86,Schoolgirl Report Part 5: What All Parents Should Know,6.3,6
0,Comedy,36886,de,Schulmädchen-Report 4. Teil: Was Eltern oft verzweifeln läßt,2.198993,28/09/1972,0,88,Schoolgirl Report Part 4: What Drives Parents to Despair,4.9,4
0,Drama,36887,de,Der neue Schulmädchen-Report 2. Teil: Was Eltern den Schlaf raubt,1.923782,26/08/1971,0,91,Schoolgirl Report Part 2: What Keeps Parents Awake at Night,6.8,5
0,Comedy,36885,de,Schulmädchen-Report 3. Teil: Was Eltern nicht mal ahnen,2.110381,17/02/1972,0,97,Schoolgirl Report Part 3: What Parents Find Unthinkable,4.4,6
0,Adventure,12097,sv,Pippi Långstrump,3.162375,09/05/1969,0,100,Pippi Longstocking,7,29
0,Drama,280640,fr,Geronimo,0.621014,15/10/2014,0,107,Geronimo,7.7,9
0,Comedy,231216,de,Villa Henriette,0.002513,02/12/2004,0,0,Villa Henriette,0,0
0,Comedy,66247,ta,Muthu,0.252468,05/05/1995,0,180,Muthu,6.3,10
0,Action,49074,ta,Baasha,0.704162,15/01/1995,"15,000,000",145,Baasha,7.8,14
0,Drama,47940,ta,படையப்பா,1.135828,01/04/1999,0,172,Padayappa,7.3,13
"12,000,000",Action,24049,ta,சிவாஜி,1.323587,14/06/2007,"19,000,000",185,Sivaji: The Boss,6.9,25
0,Comedy,28469,de,Der Herr Karl,0.192235,15/11/1961,0,60,Der Herr Karl,10,1
0,Action,410554,en,First Kill,7.874102,21/07/2017,0,97,First Kill,5.2,38
0,Drama,96823,nl,Quiz,1.031617,22/03/2012,0,85,Quiz,5.5,11
0,Animation,54559,en,Minions: Orientation Day,4.662093,13/12/2010,0,4,Minions: Orientation Day,7,95
0,Documentary,390343,en,Burden,0.638724,16/04/2016,0,88,Burden,6,1
0,Documentary,450875,en,LA 92,0.855198,28/04/2017,0,114,LA 92,8.8,3
0,Drama,56841,sv,Tusen gånger starkare,1.072412,24/09/2010,0,85,A Thousand Times Stronger,5.7,5
0,TV Movie,417320,en,Descendants 2,15.842073,21/07/2017,0,111,Descendants 2,7.5,171
0,Fantasy,104700,fr,La lune à un mètre,0.229221,1898-01-01,0,3,The Astronomer's Dream,6.4,26
0,Comedy,70573,cn,最佳女婿,0.177579,17/12/1988,0,0,Faithfully Yours,4.3,2
0,Documentary,407803,en,Harry Benson: Shoot First,0.821622,04/11/2016,0,87,Harry Benson: Shoot First,6.4,6
0,Fantasy,104702,fr,La tentation de Saint-Antoine,0.493693,1898-01-01,0,1,The Temptation of St. Anthony,5.3,6
0,Comedy,49295,fr,L'Illusionniste fin de siècle,0.594163,1899-01-01,0,1,An Up-to-Date Conjurer,6.6,12
0,Drama,51507,en,Pouta,0.182427,04/02/2010,0,140,Walking Too Fast,6,5
0,Comedy,265189,sv,Turist,12.165685,15/08/2014,"1,359,497",118,Force Majeure,6.8,255
"2,000,000",Comedy,373247,en,Down Under,0.947866,11/08/2016,0,90,Down Under,7.2,9
0,Documentary,458618,en,Ivanka Trump- America's Real First Lady?,0.465977,15/05/2017,0,60,Ivanka Trump- America's Real First Lady?,2,1
"5,402,000",Comedy,277839,fr,Pattaya,5.613875,24/02/2016,0,100,"Good Guys Go to Heaven, Bad Guys Go to Pattaya",5.3,153
0,Comedy,454787,en,Chris Gethard: Career Suicide,1.135015,06/05/2017,0,90,Chris Gethard: Career Suicide,7.5,4
0,Animation,433471,en,Lou,1.770297,16/06/2017,0,6,Lou,8.5,17
0,Action,69727,en,Final Justice,0.350875,23/06/1988,0,95,Final Justice,4.4,4
0,Animation,89606,en,Hemo The Magnificent,0.054726,20/03/1957,0,60,Hemo The Magnificent,7,1
0,Drama,467731,en,Tragedy in a Temporary Town,0.001189,19/02/1956,0,60,Tragedy in a Temporary Town,0,0
0,Documentary,383216,en,Carole King: Natural Woman,0.033154,19/02/2016,0,53,Carole King: Natural Woman,0,0
0,NA,76289,fr,Terminus,0.410204,28/01/1987,0,0,Terminus,5,1
0,Horror,104308,it,Il nido del ragno,0.018017,25/08/1988,0,86,The Spider Labyrinth,7.6,7
0,Drama,206277,en,Shirley: Visions of Reality,0.967131,26/12/2013,0,93,Shirley: Visions of Reality,7.2,10
"1,689,118",Comedy,92108,pl,Baby są jakieś inne,0.275503,14/10/2011,0,90,Baby sa jakies inne,4.8,4
0,Drama,36415,pl,Wojna polsko-ruska,0.909863,21/04/2009,0,108,Snow White and Russian Red,6.9,9
0,Comedy,60153,en,Hi Way,0.08482,02/05/2006,0,89,Hi Way,7.5,2
0,Drama,245073,pl,Zycie rodzinne,0.241109,24/09/1971,0,88,Family Life,5,1
0,Drama,280477,pl,Dom wariatów,0.02541,10/09/1985,0,93,The House of Fools,0,0
0,Drama,154575,pl,Iluminacja,0.3339,29/09/1973,0,87,Illumination,7.3,3
0,Drama,88844,en,Code Blue,0.547712,29/09/2011,0,81,Code Blue,4.1,4
0,Romance,182981,nl,Nude Area,0.420688,01/06/2014,0,73,Nude Area,5,2
0,Drama,59958,en,Gideon's Daughter,1.170696,21/10/2005,0,105,Gideon's Daughter,6,15
0,Drama,432025,pl,Sztuka kochania. Historia Michaliny Wisłockiej,0.575569,27/01/2017,0,121,The Art of Loving. Story of Michalina Wislocka,6.7,9
0,Science Fiction,36391,en,Kingsajz,0.529836,02/05/1988,0,105,King Size,7.3,8
0,Drama,87229,is,Kóngavegur,0.008498,26/03/2010,0,99,King's Road,0,0
0,Adventure,383618,sv,Siv sover vilse,2.660047,28/09/2016,0,79,Siv Sleeps Astray,0,0
0,Comedy,10819,pl,Wesele,0.483616,13/10/2004,0,109,The Wedding,6.6,7
0,Crime,31856,en,Hydrozagadka,0.10628,30/04/1971,0,70,Hydrozagadka,5.3,3
0,Comedy,358511,pl,Baby Bump,0.419769,06/09/2015,0,89,Baby Bump,6.3,3
0,Drama,79343,fr,Les fourmis rouges,0.04033,14/11/2007,0,0,Les fourmis rouges,7.5,1
0,Drama,155939,en,Pora Umierać,0.37798,19/10/2007,0,104,Time to Die,5.9,4
0,Documentary,56350,de,"Jesus, Du weisst",0.109188,05/07/2003,0,87,"Jesus, You Know",4.7,3
0,Drama,25667,pl,Mała Moskwa,1.564191,28/11/2008,0,114,Little Moscow,5,4
0,Comedy,24768,pl,Nic Śmiesznego,0.483034,02/02/1996,0,95,Nothing Funny,7.3,7
0,Drama,190496,en,Nienasycenie,0.22987,28/11/2003,0,125,Insatiability,5.1,4
0,Science Fiction,58133,fr,La Possibilité d'une île,0.402427,09/10/2008,0,95,Possibility of an Island,4.8,3
0,Drama,139159,fr,À moi seule,0.70833,04/04/2012,0,91,Coming Home,5.9,4
"3,417,000",Comedy,30019,no,Upperdog,1.056898,28/08/2009,0,95,Upperdog,6.9,5
0,Fantasy,78359,pl,Akademia Pana Kleksa,1.084496,30/01/1984,0,166,Mister Blot's Academy,6,5
0,Music,101801,cs,Rok ďábla,0.329938,07/03/2002,0,88,Year of the Devil,7.7,6
0,Drama,36416,pl,Wszyscy jesteśmy Chrystusami,0.351422,21/04/2006,0,107,We're All Christs,6.4,7
0,Comedy,317736,pl,Pani z przedszkola,0.171539,25/12/2014,0,0,Pani z przedszkola,0,0
0,Mystery,168819,pl,Weiser,0.433234,18/01/2001,0,95,Weiser,5.8,4
0,Drama,108331,es,Las buenas hierbas,0.567931,20/08/2010,0,0,The Good Herbs,0,0
0,Animation,291224,pl,Jak dziala jamniczek,0.003921,01/01/1971,0,8,How A Sausage Dog Works,7,3
0,NA,418757,pl,Między nami dobrze jest,0.030803,01/08/2014,0,0,Między nami dobrze jest,0,0
0,NA,103462,en,Grandma Lo-Fi,0.017109,08/11/2011,0,65,Grandma Lo-Fi,0,0
0,Comedy,38876,en,"Włatcy móch. Ćmoki, Czopki i Mondzioły",0.008064,13/02/2009,0,0,"Włatcy móch. Ćmoki, Czopki i Mondzioły",0,0
0,Drama,369444,pl,Ostatni dzwonek,0.000102,27/10/1989,0,0,Ostatni dzwonek,0,0
0,Comedy,81318,pl,Uprowadzenie Agaty,0.036281,20/08/1993,0,76,Hijacking Agatha,6,1
0,Fantasy,152912,pl,Pan Kleks w kosmosie,0.648241,05/12/1988,0,148,Mr. Blot in Space,0,0
0,Adventure,68802,pl,Przyjaciel wesołego diabła,0.000151,06/02/1987,0,88,Friend of the Jolly Devil,0,0
0,NA,80284,es,La sangre iluminada,0.257484,25/04/2008,0,104,Enlightened blood,8.3,2
0,Drama,80831,en,Sang Pemimpi,0.083371,17/12/2009,0,121,Sang Pemimpi,6.5,2
0,Music,180244,en,We Don't Care About Music Anyway,0.1654,09/09/2009,0,80,We Don't Care About Music Anyway,6.8,3
0,Romance,157320,pl,Historia Kina w Popielawach,0.120464,01/11/1998,0,0,History of Cinema in Popielawy,7.3,2
0,Drama,167267,pl,Struktura krysztalu,0.202959,14/10/1969,0,74,The Structure of Crystals,6.8,4
0,Drama,112531,pl,Ki – nie polubisz jej,0.690042,30/09/2011,0,94,My Name Is Ki,6.3,3
0,Drama,81313,en,Zmruz oczy,0.248723,24/10/2003,0,88,Squint Your Eyes,8,2
0,Documentary,245394,en,Fry and Laurie Reunited,0.6466,24/11/2010,0,67,Fry and Laurie Reunited,7,2
0,Comedy,190817,fr,La Fille du 14 juillet,1.096974,05/06/2013,0,88,The Rendez-Vous of Déjà-Vu,6.2,13
0,Drama,120831,en,Love,0.664602,28/11/1927,0,81,Love,7.6,5
0,NA,364865,en,The Jazz Loft According to W. Eugene Smith,0.06767,02/02/2016,0,87,The Jazz Loft According to W. Eugene Smith,0,1
0,Drama,65507,en,Purgatory House,0.056262,20/09/2003,0,0,Purgatory House,6,1
0,Comedy,43656,en,13 Moons,2.407001,30/08/2002,0,93,13 Moons,5.8,4
0,Documentary,401408,en,"Leslie Caron, française à Hollywood, américaine à Paris",0.122378,28/06/2016,0,53,Leslie Caron: The Reluctant Star,8,1
0,Comedy,366505,es,El olivo,2.541633,06/05/2016,0,96,The Olive Tree,6.5,38
0,Comedy,434166,de,Es war einmal in Deutschland,0.846885,06/04/2017,0,102,Bye Bye Germany,8.7,3
0,NA,212865,en,Little Girls in Pretty Boxes,0.644042,18/01/1997,0,96,Little Girls in Pretty Boxes,7,1
0,Horror,104704,fr,Le Diable au couvent,0.55004,1899-01-01,0,3,The Devil in a Convent,6,10
0,Crime,435473,en,American Violence,7.217742,03/02/2017,0,107,American Violence,4.8,12
0,Drama,269981,en,Twelve Angry Men,0.160214,20/09/1954,0,51,Twelve Angry Men,8.5,4
0,Thriller,183088,en,Megaville,0.905762,22/01/1990,0,95,Megaville,6,1
0,NA,335251,en,The Land Where the Blues Began,0,,0,0,The Land Where the Blues Began,0,0
0,Comedy,430365,fr,À bras ouverts,7.250495,05/04/2017,0,92,With Open Arms,5.2,94
0,Comedy,50977,en,Nude on the Moon,0.223436,01/01/1961,0,83,Nude on the Moon,3.3,3
0,Thriller,395767,fr,La mécanique de l'ombre,1.238471,11/01/2017,0,88,Scribe,5.8,26
0,Drama,199887,en,Over/Under,0.704642,04/01/2013,0,87,Over/Under,4,2
"25,868,826",Comedy,248705,fr,Les Visiteurs: La Révolution,7.29492,23/03/2016,0,110,The Visitors: Bastille Day,4,167
0,Fantasy,90063,es,¡Vampiros en La Habana!,0.035007,30/07/1985,0,80,Vampires in Havana,5.3,10
0,NA,37440,en,Monster Ark,0.575611,01/01/2008,0,0,Monster Ark,1.3,6
"2,000,000",Western,36139,en,High Plains Invaders,1.225217,30/08/2009,0,87,High Plains Invaders,5.3,9
0,Horror,43585,en,Headless Horseman,0.54312,27/10/2007,0,87,Headless Horseman,5.7,3
0,Action,44918,en,Titanic II,4.359886,07/08/2010,0,90,Titanic 2,3.4,55
0,Drama,63990,en,Joanna,0.37667,26/11/2010,0,88,Joanna,7,2
0,Drama,28669,en,Rasputin: The Mad Monk,1.921686,06/03/1966,0,91,Rasputin: The Mad Monk,5.6,25
0,Documentary,188421,en,A History of Horror with Mark Gatiss,0.48845,25/10/2010,0,177,A History of Horror with Mark Gatiss,9,3
"7,500,000",Horror,39164,en,House of the Long Shadows,1.185515,17/06/1983,0,100,House of the Long Shadows,6.1,18
0,Horror,3104,en,Frankenstein Created Woman,2.302582,15/03/1967,0,92,Frankenstein Created Woman,5.9,33
0,Comedy,20776,en,Return to the Batcave: The Misadventures of Adam and Burt,1.348822,09/03/2003,0,90,Return to the Batcave: The Misadventures of Adam and Burt,5.8,14
0,Comedy,24568,en,Follow That Camel,1.114848,01/09/1967,0,95,Carry On Follow That Camel,6.1,19
0,Horror,43085,en,Dead and Deader,5.015147,16/12/2006,0,89,Dead and Deader,5.8,10
0,Horror,100671,en,The Witchmaker,0.175253,01/05/1969,0,99,The Witchmaker,5,3
0,Comedy,19307,en,Carry On Camping,4.103723,29/05/1969,0,88,Carry On Camping,6.5,25
0,NA,270762,en,What a Fuck Am I Doing on This Battlefield,0.020752,22/04/2013,0,53,What a Fuck Am I Doing on This Battlefield,0,0
0,Comedy,48959,en,Up 'n' Under,0.219999,23/01/1998,0,0,Up 'n' Under,5.6,6
0,NA,214753,en,The Airzone Solution,0.000108,01/01/1993,0,65,The Airzone Solution,0,0
0,NA,173874,en,The Many Faces of Christopher Lee,0.051939,01/01/1996,0,60,The Many Faces of Christopher Lee,10,1
5,Fantasy,71016,en,The Return of Captain Invincible,0.836124,01/01/1983,0,96,The Return of Captain Invincible,6,7
0,Romance,151506,en,She Fought Alone,0.622808,06/11/1995,0,87,She Fought Alone,4.1,7
0,Comedy,43995,en,That Riviera Touch,0.238579,29/03/1966,0,98,That Riviera Touch,6.4,6
"500,000",Horror,40467,en,Dawn of the Mummy,0.283443,11/12/1981,0,93,Dawn of the Mummy,3.6,8
0,Science Fiction,449696,en,The Stranger: Summoned by Shadows,3.50E-05,01/01/1991,0,34,The Stranger: Summoned by Shadows,0,0
0,Comedy,79927,en,The Pope Must Die,9.015632,21/06/1991,0,96,The Pope Must Die,4.2,12
0,Comedy,21251,en,Carry On England,0.846154,01/10/1976,0,89,Carry On England,4.8,15
0,Drama,374764,es,Cómo funcionan casi todas las cosas,0.274793,12/11/2015,0,0,How Most Things Work,6.8,2
0,Animation,460135,en,LEGO DC Super Hero Girls: Brain Drain,8.413734,30/08/2017,0,0,LEGO DC Super Hero Girls: Brain Drain,10,2
0,Adventure,42247,en,Treasure Raiders,0.23908,20/04/2007,0,95,Treasure Raiders,2.2,3
0,Comedy,426272,en,Take Me,9.222308,05/05/2017,0,83,Take Me,6,38
0,NA,408624,en,A Death in the Gunj,0.516993,10/09/2016,0,110,A Death in the Gunj,7,5
0,Fantasy,413421,hi,फिल्लौरी,0.600717,24/03/2017,0,138,Phillauri,7.1,11
0,Comedy,261871,ru,Полярный рейс,0.036523,12/12/2013,0,90,Polar Flight,0,0
0,Adventure,317389,es,Simbad e il califfo di Bagdad,0.006352,22/07/1973,0,0,Simbad e il califfo di Bagdad,0,0
0,Documentary,91563,en,Black Sun,0.110421,12/09/2005,0,75,Black Sun,8.3,3
2,NA,227143,uk,Іван Сила,0.067263,02/10/2013,0,80,Іван Сила,7,1
0,Romance,432789,en,The Incredible Jessica James,5.667067,27/01/2017,0,83,The Incredible Jessica James,6.2,37
0,Horror,264269,ru,Vladeniye 18,0.217441,13/03/2014,"320,395",90,Apartment 18,4.4,4
0,Action,182030,zh,火燒紅蓮寺之鴛鴦劍俠,0.674934,22/12/1965,0,88,The Twin Swords,5.6,4
0,Action,32388,zh,金燕子,1.390381,03/04/1968,0,89,Golden Swallow,6.5,10
0,Comedy,434873,en,It Stains the Sands Red,8.471866,08/10/2016,0,92,It Stains the Sands Red,5.6,21
0,NA,175461,de,Lichtspiel opus I,0.212768,26/04/1921,0,12,Lichtspiel opus I,6.5,10
0,Animation,175457,en,Opus II,0.177238,31/12/1921,0,4,Opus II,6.7,5
0,NA,176298,en,Opus III,0.256196,11/03/1924,0,3,Opus III,6.9,5
0,Animation,184402,de,Opus IV,0.433345,09/04/1925,0,4,Opus IV,6.9,4
0,Documentary,370213,fa,Sonita,0.399658,20/11/2015,0,91,Sonita,6,1
"10,000",Horror,99104,en,Bloodletting,0.072171,01/01/1997,0,89,Bloodletting,5,1
0,Romance,445126,en,Can't Buy My Love,0.661347,04/03/2017,0,86,Can't Buy My Love,7,7
0,TV Movie,401687,en,Hopeless Romantic,0.253497,04/06/2016,0,86,Hopeless Romantic,4.3,3
0,Drama,200066,en,Il frullo del passero,0.138621,01/01/1988,0,95,The Sparrow's Fluttering,0,0
0,Drama,273279,fr,La peau de chagrin,1.235341,22/09/2010,0,98,The Skin of Sorrow,7,1
"1,200,000",Drama,97797,ru,Мертвые дочери,0.355732,01/02/2007,0,123,Dead Daughters,4.9,5
0,NA,149946,ru,Два в одном,0.038832,27/11/2007,0,124,Two in One,1,1
0,NA,61385,ru,Настройщик,0.969783,06/09/2004,0,154,The Tuner,6.9,7
"1,254,040",Romance,468707,fi,Lauri Mäntyvaaran tuuheet ripset,0.347806,28/07/2017,0,90,Thick Lashes of Lauri Mäntyvaara,8,1
"750,000",Crime,280422,ru,Все и сразу,0.201582,05/06/2014,3,0,All at Once,6,4
0,Mystery,38326,ru,Юрьев День,0.788614,12/08/2008,0,137,Yuri's Day,6.5,4
0,Drama,240789,ru,Чудо,0.436028,09/10/2009,"50,656",110,The Miracle,6.3,3
"2,000,000",Comedy,293654,ru,Корпоратив,0.52437,18/09/2014,0,89,Corporate Event,3.5,4
0,Romance,64197,ru,Puteshestvie s domashnimi zhivotnymi,0.528657,25/06/2007,0,97,Travelling with Pets,6,5
0,Drama,102363,ru,Beduin,1.015759,01/01/2011,0,90,Bedouin,4,5
0,Drama,92771,ru,Папа,0.406193,09/09/2004,0,94,Daddy,5.3,3
0,Comedy,98604,ru,Zolushka,0.803588,14/02/2012,0,91,Cinderella,4.6,6
0,Comedy,97672,ru,Samoubiytsy,0.43125,01/03/2012,0,86,Suicides,4.6,4
"2,000,000",Comedy,100152,ru,Марс,0.380933,11/11/2004,0,100,Mars,5,2
"800,000",Comedy,62757,en,Dikari,0.903061,23/11/2006,"1,328,612",100,Savages,5.8,6
0,Drama,449131,ru,Aprel,0.008903,,0,0,Aprel,6,1
0,Romance,61966,en,Kacheli,0.516834,14/02/2008,0,84,Swing,4,2
"2,000,000",Romance,63281,en,Про любоff,0.121844,30/09/2010,"1,268,793",107,Pro Lyuboff,4,3
0,Romance,70965,en,Кука,0.655728,29/11/2007,0,104,Kuka,6.3,7
0,Documentary,75608,en,Dead Birds,0.072811,01/10/1963,0,84,Dead Birds,5.3,2
0,Documentary,275331,en,The Hunters,0.141547,01/01/1957,0,72,The Hunters,5,1
0,Comedy,282308,en,Rigadin peintre cubiste,0.003732,01/01/1912,0,0,"Whiffles, Cubic Artist",0,0
0,Crime,461297,en,Cop and a Half: New Recruit,1.248353,01/08/2017,0,97,Cop and a Half: New Recruit,6,1
0,Drama,258907,en,Dyketactics,0.331254,01/01/1974,0,4,Dyketactics,8,1
0,Documentary,127762,fr,Baignade en Mer,0.429666,1895-12-28,0,1,Baignade en Mer,5.3,12
0,Drama,18098,en,Arabian Nights,2.266456,30/04/2000,0,175,Arabian Nights,6.9,21
0,Drama,52103,zh,Xiao Wu,0.350365,01/01/1997,0,105,Pickpocket,7.2,13
"5,000,000",Action,63898,ru,Антидурь,0.039793,06/09/2007,"1,413,000",91,Antidur,1,1
0,Comedy,174271,en,The Fortunes and Misfortunes of Moll Flanders,1.237982,13/10/1996,0,108,The Fortunes and Misfortunes of Moll Flanders,5.8,8
0,Adventure,42652,ru,Uznik Zamka If,0.243401,01/01/1988,0,270,The Prisoner of If Castle,5,3
0,Fantasy,143117,ru,"Chyornaya Roza - Emblema Pechali, Krasnaya Roza - Emblema Lyubvi",0.630944,03/02/1989,0,139,"A Black Rose Is an Emblem of Sorrow, a Red Rose an Emblem of Love",6.5,4
0,Comedy,65416,en,An American Vampire Story,0.297741,24/01/1997,0,99,An American Vampire Story,4.5,4
0,Mystery,365432,en,The Sublet,1.339355,07/11/2015,0,82,The Sublet,6.5,4
0,Action,45029,en,Fit to Kill,1.092445,27/10/1993,0,97,Fit to Kill,5,7
0,Documentary,36680,en,TechnoCalyps,0.315713,01/05/2006,0,156,TechnoCalyps,5,1
0,Thriller,222872,en,Starquest II,1.188052,01/01/1996,0,0,Starquest II,2,1
0,Documentary,257472,en,Rivers of Sand,0.0375,30/10/1974,0,83,Rivers of Sand,0,0
0,Documentary,323132,en,Altar of Fire,0,01/01/1976,0,45,Altar of Fire,0,0
0,Music,5589,cs,Šíleně smutná princezna,0.375001,07/06/1968,0,73,Šíleně smutná princezna,6.1,4
0,NA,325439,en,Le Meraviglie di Aladino,0.093498,31/10/1961,0,93,The Wonders of Aladdin,0,0
0,Thriller,63266,en,Fobos. Klub Strakha,0.643625,25/03/2010,0,79,Phobos. Fear Kills,3,2
0,Action,45527,en,The Final Storm,1.270832,01/01/2010,0,92,The Final Storm,3.7,11
0,Family,455661,en,In a Heartbeat,20.82178,01/06/2017,0,4,In a Heartbeat,8.3,146
0,Drama,327237,nl,"Bloed, Zweet en Tranen",0.590087,02/04/2015,0,111,"Blood, Sweat and Tears",6.8,11
0,Drama,84710,en,Jungle Woman,0.143223,01/06/1944,0,61,Jungle Woman,5.8,2
0,Drama,39562,en,To Be Fat Like Me,0.767762,08/01/2007,0,89,To Be Fat Like Me,5,12
0,Comedy,14008,en,Cadet Kelly,4.392389,07/03/2002,0,101,Cadet Kelly,5.2,145
0,NA,44330,en,Le tripot clandestin,0.21926,01/01/1905,0,3,The Scheming Gambler's Paradise,5,3
0,Comedy,49279,fr,L'Homme à la tête de caoutchouc,1.618458,01/01/1901,0,3,The Man with the Rubber Head,7.6,29
0,Fantasy,44333,fr,Les cartes vivantes,0.208349,01/01/1905,0,3,The Living Playing Cards,6.1,8
0,Fantasy,49277,en,Les affiches en goguette,0.148131,01/01/1906,0,3,The Hilarious Posters,4.5,2
0,Fantasy,49271,en,Le locataire diabolique,0.725084,01/01/1909,0,6,The Devilish Tenant,6.7,12
0,NA,44324,fr,Le Roi du maquillage,0.213973,05/03/1904,0,3,The Untameable Whiskers,6,6
0,NA,122036,fr,Les Transmutations imperceptibles,0.071782,01/01/1904,0,2,The Imperceptable Transmutations,5,2
0,Animation,14885,en,Pooh's Heffalump Halloween Movie,2.568495,13/09/2005,0,67,Pooh's Heffalump Halloween Movie,5.4,7
0,Fantasy,49280,fr,L'Homme orchestre,1.109068,01/01/1900,0,1,The One-Man Band,6.5,22
0,Comedy,106807,fr,Nouvelles luttes extravagantes,0.225432,01/01/1900,0,2,The Fat and Lean Wrestling Match,6.5,6
0,Documentary,276895,en,Deep Hearts,0.011025,01/01/1981,0,58,Deep Hearts,0,0
0,Crime,404604,hi,Maa,1.559596,07/07/2017,0,146,Mom,6.6,14
0,Comedy,420346,en,The Morning After,0.139936,11/01/2015,0,79,The Morning After,4,2
0,NA,67179,it,San Michele aveva un gallo,0.225051,01/01/1972,0,90,St. Michael Had a Rooster,6,3
0,Hoirror,84419,en,House of Horrors,0.222814,29/03/1946,0,65,House of Horrors,6.3,8
0,Mystery,390959,en,Shadow of the Blair Witch,0.076061,22/10/2000,0,45,Shadow of the Blair Witch,7,2
0,Horror,289923,en,The Burkittsville 7,0.38645,03/10/2000,0,30,The Burkittsville 7,7,1
0,Science Fiction,222848,en,Caged Heat 3000,0.661558,01/01/1995,0,85,Caged Heat 3000,3.5,1
0,Drama,30840,en,Robin Hood,5.683753,13/05/1991,0,104,Robin Hood,5.7,26
0,Drama,439050,fa,رگ خواب,0.072051,,0,90,Subdue,4,1
0,Drama,111109,tl,Siglo ng Pagluluwal,0.178241,17/11/2011,0,360,Century of Birthing,9,3
0,Action,67758,en,Betrayal,0.903007,01/08/2003,0,90,Betrayal,3.8,6
0,[],227506,en,Satana likuyushchiy,0.003503,21/10/1917,0,87,Satan Triumphant,0,0
0,[],461257,en,Queerama,0.163015,09/06/2017,0,75,Queerama,0,0
